transaction_id,account_id,customer_id,merchant_id,merchant_name,segment,event_ts,amount_minor,currency,status
EDGE_CANCELLED,A0001,C001,M002,Synthetic merchant 002,PREMIUM,2026-09-30T10:02:00,2500,COP,CANCELLED
EDGE_DUP,A0001,C001,M001,Synthetic merchant 001 renamed,PREMIUM,2026-09-30T10:00:00,7500,COP,CANCELLED
EDGE_END,A0001,C001,M001,Synthetic merchant 001 renamed,PREMIUM,2026-09-30T23:59:59,-1234,COP,POSTED
EDGE_MIDNIGHT,A0001,C001,M001,Synthetic merchant 001 renamed,PREMIUM,2026-09-30T00:00:00,1234,COP,POSTED
EDGE_NULL_MERCHANT,A0001,C001,,,PREMIUM,2026-09-30T10:00:00,1001,USD,POSTED
EDGE_TIE,A0001,C001,M001,Synthetic merchant 001 renamed,PREMIUM,2026-09-30T11:00:00,3100,COP,POSTED
EDGE_UNKNOWN_MERCHANT,A0001,C001,M999,,PREMIUM,2026-09-30T10:01:00,1002,USD,POSTED
T000019,A0019,C019,M019,Synthetic merchant 019,RETAIL,2026-09-30T17:47:41,2604,COP,POSTED
T000039,A0039,C039,M039,Synthetic merchant 039,RETAIL,2026-09-30T13:47:21,5344,USD,POSTED
T000059,A0059,C059,M019,Synthetic merchant 019,RETAIL,2026-09-30T09:47:01,8084,COP,POSTED
T000079,A0079,C079,M039,Synthetic merchant 039,RETAIL,2026-09-30T05:46:41,10824,COP,POSTED
T000099,A0099,C019,M019,Synthetic merchant 019,RETAIL,2026-09-30T01:46:21,13564,USD,POSTED
T000119,A0119,C039,M039,Synthetic merchant 039,RETAIL,2026-09-30T21:46:01,-16304,COP,CANCELLED
T000139,A0139,C059,M019,Synthetic merchant 019,RETAIL,2026-09-30T17:45:41,19044,COP,POSTED
T000159,A0159,C079,M039,Synthetic merchant 039,RETAIL,2026-09-30T13:45:21,21784,USD,POSTED
T000179,A0179,C019,M019,Synthetic merchant 019,RETAIL,2026-09-30T09:45:01,24524,COP,POSTED
T000199,A0199,C039,M039,Synthetic merchant 039,RETAIL,2026-09-30T05:44:41,27264,COP,POSTED
T000219,A0019,C019,M019,Synthetic merchant 019,RETAIL,2026-09-30T01:44:21,30004,USD,POSTED
T000239,A0039,C039,M039,Synthetic merchant 039,RETAIL,2026-09-30T21:44:01,32744,COP,POSTED
T000259,A0059,C059,M019,Synthetic merchant 019,RETAIL,2026-09-30T17:43:41,35484,COP,CANCELLED
T000279,A0079,C079,,,RETAIL,2026-09-30T13:43:21,38224,USD,POSTED
T000299,A0099,C019,M019,Synthetic merchant 019,RETAIL,2026-09-30T09:43:01,40964,COP,POSTED
T000319,A0119,C039,M039,Synthetic merchant 039,RETAIL,2026-09-30T05:42:41,43704,COP,POSTED
T000339,A0139,C059,M019,Synthetic merchant 019,RETAIL,2026-09-30T01:42:21,46444,USD,POSTED
T000359,A0159,C079,M039,Synthetic merchant 039,RETAIL,2026-09-30T21:42:01,49184,COP,POSTED
T000379,A0179,C019,M019,Synthetic merchant 019,RETAIL,2026-09-30T17:41:41,51924,COP,POSTED
T000399,A0199,C039,M039,Synthetic merchant 039,RETAIL,2026-09-30T13:41:21,54664,USD,CANCELLED
T000419,A0019,C019,M019,Synthetic merchant 019,RETAIL,2026-09-30T09:41:01,57404,COP,POSTED
T000439,A0039,C039,M039,Synthetic merchant 039,RETAIL,2026-09-30T05:40:41,60144,COP,POSTED
T000459,A0059,C059,M019,Synthetic merchant 019,RETAIL,2026-09-30T01:40:21,-62884,USD,POSTED
T000479,A0079,C079,M039,Synthetic merchant 039,RETAIL,2026-09-30T21:40:01,65624,COP,POSTED
T000499,A0099,C019,M019,Synthetic merchant 019,RETAIL,2026-09-30T17:39:41,68364,COP,POSTED
T000519,A0119,C039,M039,Synthetic merchant 039,RETAIL,2026-09-30T13:39:21,71104,USD,POSTED
T000539,A0139,C059,M019,Synthetic merchant 019,RETAIL,2026-09-30T09:39:01,73844,COP,CANCELLED
T000559,A0159,C079,M039,Synthetic merchant 039,RETAIL,2026-09-30T05:38:41,76584,COP,POSTED
T000579,A0179,C019,M019,Synthetic merchant 019,RETAIL,2026-09-30T01:38:21,79324,USD,POSTED
T000599,A0199,C039,M039,Synthetic merchant 039,RETAIL,2026-09-30T21:38:01,82064,COP,POSTED
T000619,A0019,C019,M019,Synthetic merchant 019,RETAIL,2026-09-30T17:37:41,84804,COP,POSTED
T000639,A0039,C039,M039,Synthetic merchant 039,RETAIL,2026-09-30T13:37:21,87544,USD,POSTED
T000659,A0059,C059,M019,Synthetic merchant 019,RETAIL,2026-09-30T09:37:01,90284,COP,POSTED
T000679,A0079,C079,M039,Synthetic merchant 039,RETAIL,2026-09-30T05:36:41,93024,COP,CANCELLED
T000699,A0099,C019,M019,Synthetic merchant 019,RETAIL,2026-09-30T01:36:21,95764,USD,POSTED
T000719,A0119,C039,M039,Synthetic merchant 039,RETAIL,2026-09-30T21:36:01,98504,COP,POSTED
T000739,A0139,C059,M019,Synthetic merchant 019,RETAIL,2026-09-30T17:35:41,101244,COP,POSTED
T000759,A0159,C079,M039,Synthetic merchant 039,RETAIL,2026-09-30T13:35:21,103984,USD,POSTED
T000779,A0179,C019,M019,Synthetic merchant 019,RETAIL,2026-09-30T09:35:01,106724,COP,POSTED
T000799,A0199,C039,M039,Synthetic merchant 039,RETAIL,2026-09-30T05:34:41,-109464,COP,POSTED
T000819,A0019,C019,M019,Synthetic merchant 019,RETAIL,2026-09-30T01:34:21,112204,USD,CANCELLED
T000839,A0039,C039,M039,Synthetic merchant 039,RETAIL,2026-09-30T21:34:01,114944,COP,POSTED
T000859,A0059,C059,M019,Synthetic merchant 019,RETAIL,2026-09-30T17:33:41,117684,COP,POSTED
T000879,A0079,C079,M039,Synthetic merchant 039,RETAIL,2026-09-30T13:33:21,120424,USD,POSTED
T000899,A0099,C019,,,RETAIL,2026-09-30T09:33:01,123164,COP,POSTED
T000919,A0119,C039,M039,Synthetic merchant 039,RETAIL,2026-09-30T05:32:41,125904,COP,POSTED
T000939,A0139,C059,M019,Synthetic merchant 019,RETAIL,2026-09-30T01:32:21,128644,USD,POSTED
T000959,A0159,C079,M039,Synthetic merchant 039,RETAIL,2026-09-30T21:32:01,131384,COP,CANCELLED
T000979,A0179,C019,M019,Synthetic merchant 019,RETAIL,2026-09-30T17:31:41,134124,COP,POSTED
T000999,A0199,C039,M039,Synthetic merchant 039,RETAIL,2026-09-30T13:31:21,136864,USD,POSTED
T001019,A0019,C019,M019,Synthetic merchant 019,RETAIL,2026-09-30T09:31:01,139604,COP,POSTED
T001039,A0039,C039,M039,Synthetic merchant 039,RETAIL,2026-09-30T05:30:41,142344,COP,POSTED
T001059,A0059,C059,M019,Synthetic merchant 019,RETAIL,2026-09-30T01:30:21,145084,USD,POSTED
T001079,A0079,C079,M039,Synthetic merchant 039,RETAIL,2026-09-30T21:30:01,147824,COP,POSTED
T001099,A0099,C019,M019,Synthetic merchant 019,RETAIL,2026-09-30T17:29:41,150564,COP,CANCELLED
T001119,A0119,C039,M039,Synthetic merchant 039,RETAIL,2026-09-30T13:29:21,153304,USD,POSTED
T001139,A0139,C059,M019,Synthetic merchant 019,RETAIL,2026-09-30T09:29:01,-156044,COP,POSTED
T001159,A0159,C079,M039,Synthetic merchant 039,RETAIL,2026-09-30T05:28:41,158784,COP,POSTED
T001179,A0179,C019,M019,Synthetic merchant 019,RETAIL,2026-09-30T01:28:21,161524,USD,POSTED
T001199,A0199,C039,M039,Synthetic merchant 039,RETAIL,2026-09-30T21:28:01,164264,COP,POSTED
T001219,A0019,C019,M019,Synthetic merchant 019,RETAIL,2026-09-30T17:27:41,167004,COP,POSTED
T001239,A0039,C039,M039,Synthetic merchant 039,RETAIL,2026-09-30T13:27:21,169744,USD,CANCELLED
T001259,A0059,C059,M019,Synthetic merchant 019,RETAIL,2026-09-30T09:27:01,172484,COP,POSTED
T001279,A0079,C079,M039,Synthetic merchant 039,RETAIL,2026-09-30T05:26:41,175224,COP,POSTED
T001299,A0099,C019,M019,Synthetic merchant 019,RETAIL,2026-09-30T01:26:21,177964,USD,POSTED
T001319,A0119,C039,M039,Synthetic merchant 039,RETAIL,2026-09-30T21:26:01,180704,COP,POSTED
T001339,A0139,C059,M019,Synthetic merchant 019,RETAIL,2026-09-30T17:25:41,183444,COP,POSTED
T001359,A0159,C079,M039,Synthetic merchant 039,RETAIL,2026-09-30T13:25:21,186184,USD,POSTED
T001379,A0179,C019,M019,Synthetic merchant 019,RETAIL,2026-09-30T09:25:01,188924,COP,CANCELLED
T001399,A0199,C039,M039,Synthetic merchant 039,RETAIL,2026-09-30T05:24:41,191664,COP,POSTED
T001419,A0019,C019,M019,Synthetic merchant 019,RETAIL,2026-09-30T01:24:21,194404,USD,POSTED
T001439,A0039,C039,M039,Synthetic merchant 039,RETAIL,2026-09-30T21:24:01,197144,COP,POSTED
T001459,A0059,C059,M019,Synthetic merchant 019,RETAIL,2026-09-30T17:23:41,199884,COP,POSTED
T001479,A0079,C079,M039,Synthetic merchant 039,RETAIL,2026-09-30T13:23:21,-202624,USD,POSTED
T001499,A0099,C019,M019,Synthetic merchant 019,RETAIL,2026-09-30T09:23:01,205364,COP,POSTED
T001519,A0119,C039,,,RETAIL,2026-09-30T05:22:41,208104,COP,CANCELLED
T001539,A0139,C059,M019,Synthetic merchant 019,RETAIL,2026-09-30T01:22:21,210844,USD,POSTED
T001559,A0159,C079,M039,Synthetic merchant 039,RETAIL,2026-09-30T21:22:01,213584,COP,POSTED
T001579,A0179,C019,M019,Synthetic merchant 019,RETAIL,2026-09-30T17:21:41,216324,COP,POSTED
T001599,A0199,C039,M039,Synthetic merchant 039,RETAIL,2026-09-30T13:21:21,219064,USD,POSTED
T001619,A0019,C019,M019,Synthetic merchant 019,RETAIL,2026-09-30T09:21:01,221804,COP,POSTED
T001639,A0039,C039,M039,Synthetic merchant 039,RETAIL,2026-09-30T05:20:41,224544,COP,POSTED
T001659,A0059,C059,M019,Synthetic merchant 019,RETAIL,2026-09-30T01:20:21,227284,USD,CANCELLED
T001679,A0079,C079,M039,Synthetic merchant 039,RETAIL,2026-09-30T21:20:01,230024,COP,POSTED
T001699,A0099,C019,M019,Synthetic merchant 019,RETAIL,2026-09-30T17:19:41,232764,COP,POSTED
T001719,A0119,C039,M039,Synthetic merchant 039,RETAIL,2026-09-30T13:19:21,235504,USD,POSTED
T001739,A0139,C059,M019,Synthetic merchant 019,RETAIL,2026-09-30T09:19:01,238244,COP,POSTED
T001759,A0159,C079,M039,Synthetic merchant 039,RETAIL,2026-09-30T05:18:41,240984,COP,POSTED
T001779,A0179,C019,M019,Synthetic merchant 019,RETAIL,2026-09-30T01:18:21,243724,USD,POSTED
T001799,A0199,C039,M039,Synthetic merchant 039,RETAIL,2026-09-30T21:18:01,246464,COP,CANCELLED
T001819,A0019,C019,M019,Synthetic merchant 019,RETAIL,2026-09-30T17:17:41,-249204,COP,POSTED
T001839,A0039,C039,M039,Synthetic merchant 039,RETAIL,2026-09-30T13:17:21,1944,USD,POSTED
T001859,A0059,C059,M019,Synthetic merchant 019,RETAIL,2026-09-30T09:17:01,4684,COP,POSTED
T001879,A0079,C079,M039,Synthetic merchant 039,RETAIL,2026-09-30T05:16:41,7424,COP,POSTED
T001899,A0099,C019,M019,Synthetic merchant 019,RETAIL,2026-09-30T01:16:21,10164,USD,POSTED
T001919,A0119,C039,M039,Synthetic merchant 039,RETAIL,2026-09-30T21:16:01,12904,COP,POSTED
T001939,A0139,C059,M019,Synthetic merchant 019,RETAIL,2026-09-30T17:15:41,15644,COP,CANCELLED
T001959,A0159,C079,M039,Synthetic merchant 039,RETAIL,2026-09-30T13:15:21,18384,USD,POSTED
T001979,A0179,C019,M019,Synthetic merchant 019,RETAIL,2026-09-30T09:15:01,21124,COP,POSTED
T001999,A0199,C039,M039,Synthetic merchant 039,RETAIL,2026-09-30T05:14:41,23864,COP,POSTED
T002019,A0019,C019,M019,Synthetic merchant 019,RETAIL,2026-09-30T01:14:21,26604,USD,POSTED
T002039,A0039,C039,M039,Synthetic merchant 039,RETAIL,2026-09-30T21:14:01,29344,COP,POSTED
T002059,A0059,C059,M019,Synthetic merchant 019,RETAIL,2026-09-30T17:13:41,32084,COP,POSTED
T002079,A0079,C079,M039,Synthetic merchant 039,RETAIL,2026-09-30T13:13:21,34824,USD,CANCELLED
T002099,A0099,C019,M019,Synthetic merchant 019,RETAIL,2026-09-30T09:13:01,37564,COP,POSTED
T002119,A0119,C039,M039,Synthetic merchant 039,RETAIL,2026-09-30T05:12:41,40304,COP,POSTED
T002139,A0139,C059,,,RETAIL,2026-09-30T01:12:21,43044,USD,POSTED
T002159,A0159,C079,M039,Synthetic merchant 039,RETAIL,2026-09-30T21:12:01,-45784,COP,POSTED
T002179,A0179,C019,M019,Synthetic merchant 019,RETAIL,2026-09-30T17:11:41,48524,COP,POSTED
T002199,A0199,C039,M039,Synthetic merchant 039,RETAIL,2026-09-30T13:11:21,51264,USD,POSTED
T002219,A0019,C019,M019,Synthetic merchant 019,RETAIL,2026-09-30T09:11:01,54004,COP,CANCELLED
T002239,A0039,C039,M039,Synthetic merchant 039,RETAIL,2026-09-30T05:10:41,56744,COP,POSTED
T002259,A0059,C059,M019,Synthetic merchant 019,RETAIL,2026-09-30T01:10:21,59484,USD,POSTED
T002279,A0079,C079,M039,Synthetic merchant 039,RETAIL,2026-09-30T21:10:01,62224,COP,POSTED
T002299,A0099,C019,M019,Synthetic merchant 019,RETAIL,2026-09-30T17:09:41,64964,COP,POSTED
T002319,A0119,C039,M039,Synthetic merchant 039,RETAIL,2026-09-30T13:09:21,67704,USD,POSTED
T002339,A0139,C059,M019,Synthetic merchant 019,RETAIL,2026-09-30T09:09:01,70444,COP,POSTED
T002359,A0159,C079,M039,Synthetic merchant 039,RETAIL,2026-09-30T05:08:41,73184,COP,CANCELLED
T002379,A0179,C019,M019,Synthetic merchant 019,RETAIL,2026-09-30T01:08:21,75924,USD,POSTED
T002399,A0199,C039,M039,Synthetic merchant 039,RETAIL,2026-09-30T21:08:01,78664,COP,POSTED
T002419,A0019,C019,M019,Synthetic merchant 019,RETAIL,2026-09-30T17:07:41,81404,COP,POSTED
T002439,A0039,C039,M039,Synthetic merchant 039,RETAIL,2026-09-30T13:07:21,84144,USD,POSTED
T002459,A0059,C059,M019,Synthetic merchant 019,RETAIL,2026-09-30T09:07:01,86884,COP,POSTED
T002479,A0079,C079,M039,Synthetic merchant 039,RETAIL,2026-09-30T05:06:41,89624,COP,POSTED
T002499,A0099,C019,M019,Synthetic merchant 019,RETAIL,2026-09-30T01:06:21,-92364,USD,CANCELLED
T002519,A0119,C039,M039,Synthetic merchant 039,RETAIL,2026-09-30T21:06:01,95104,COP,POSTED
T002539,A0139,C059,M019,Synthetic merchant 019,RETAIL,2026-09-30T17:05:41,97844,COP,POSTED
T002559,A0159,C079,M039,Synthetic merchant 039,RETAIL,2026-09-30T13:05:21,100584,USD,POSTED
T002579,A0179,C019,M019,Synthetic merchant 019,RETAIL,2026-09-30T09:05:01,103324,COP,POSTED
T002599,A0199,C039,M039,Synthetic merchant 039,RETAIL,2026-09-30T05:04:41,106064,COP,POSTED
T002619,A0019,C019,M019,Synthetic merchant 019,RETAIL,2026-09-30T01:04:21,108804,USD,POSTED
T002639,A0039,C039,M039,Synthetic merchant 039,RETAIL,2026-09-30T21:04:01,111544,COP,CANCELLED
T002659,A0059,C059,M019,Synthetic merchant 019,RETAIL,2026-09-30T17:03:41,114284,COP,POSTED
T002679,A0079,C079,M039,Synthetic merchant 039,RETAIL,2026-09-30T13:03:21,117024,USD,POSTED
T002699,A0099,C019,M019,Synthetic merchant 019,RETAIL,2026-09-30T09:03:01,119764,COP,POSTED
T002719,A0119,C039,M039,Synthetic merchant 039,RETAIL,2026-09-30T05:02:41,122504,COP,POSTED
T002739,A0139,C059,M019,Synthetic merchant 019,RETAIL,2026-09-30T01:02:21,125244,USD,POSTED
T002759,A0159,C079,,,RETAIL,2026-09-30T21:02:01,127984,COP,POSTED
T002779,A0179,C019,M019,Synthetic merchant 019,RETAIL,2026-09-30T17:01:41,130724,COP,CANCELLED
T002799,A0199,C039,M039,Synthetic merchant 039,RETAIL,2026-09-30T13:01:21,133464,USD,POSTED
T002819,A0019,C019,M019,Synthetic merchant 019,RETAIL,2026-09-30T09:01:01,136204,COP,POSTED
T002839,A0039,C039,M039,Synthetic merchant 039,RETAIL,2026-09-30T05:00:41,-138944,COP,POSTED
T002859,A0059,C059,M019,Synthetic merchant 019,RETAIL,2026-09-30T01:00:21,141684,USD,POSTED
T002879,A0079,C079,M039,Synthetic merchant 039,RETAIL,2026-09-30T21:00:01,144424,COP,POSTED
T002899,A0099,C019,M019,Synthetic merchant 019,RETAIL,2026-09-30T16:59:41,147164,COP,POSTED
T002919,A0119,C039,M039,Synthetic merchant 039,RETAIL,2026-09-30T12:59:21,149904,USD,CANCELLED
T002939,A0139,C059,M019,Synthetic merchant 019,RETAIL,2026-09-30T08:59:01,152644,COP,POSTED
T002959,A0159,C079,M039,Synthetic merchant 039,RETAIL,2026-09-30T04:58:41,155384,COP,POSTED
T002979,A0179,C019,M019,Synthetic merchant 019,RETAIL,2026-09-30T00:58:21,158124,USD,POSTED
T002999,A0199,C039,M039,Synthetic merchant 039,RETAIL,2026-09-30T20:58:01,160864,COP,POSTED
T003019,A0019,C019,M019,Synthetic merchant 019,RETAIL,2026-09-30T16:57:41,163604,COP,POSTED
T003039,A0039,C039,M039,Synthetic merchant 039,RETAIL,2026-09-30T12:57:21,166344,USD,POSTED
T003059,A0059,C059,M019,Synthetic merchant 019,RETAIL,2026-09-30T08:57:01,169084,COP,CANCELLED
T003079,A0079,C079,M039,Synthetic merchant 039,RETAIL,2026-09-30T04:56:41,171824,COP,POSTED
T003099,A0099,C019,M019,Synthetic merchant 019,RETAIL,2026-09-30T00:56:21,174564,USD,POSTED
T003119,A0119,C039,M039,Synthetic merchant 039,RETAIL,2026-09-30T20:56:01,177304,COP,POSTED
T003139,A0139,C059,M019,Synthetic merchant 019,RETAIL,2026-09-30T16:55:41,180044,COP,POSTED
T003159,A0159,C079,M039,Synthetic merchant 039,RETAIL,2026-09-30T12:55:21,182784,USD,POSTED
T003179,A0179,C019,M019,Synthetic merchant 019,RETAIL,2026-09-30T08:55:01,-185524,COP,POSTED
T003199,A0199,C039,M039,Synthetic merchant 039,RETAIL,2026-09-30T04:54:41,188264,COP,CANCELLED
T003219,A0019,C019,M019,Synthetic merchant 019,RETAIL,2026-09-30T00:54:21,191004,USD,POSTED
T003239,A0039,C039,M039,Synthetic merchant 039,RETAIL,2026-09-30T20:54:01,193744,COP,POSTED
T003259,A0059,C059,M019,Synthetic merchant 019,RETAIL,2026-09-30T16:53:41,196484,COP,POSTED
T003279,A0079,C079,M039,Synthetic merchant 039,RETAIL,2026-09-30T12:53:21,199224,USD,POSTED
T003299,A0099,C019,M019,Synthetic merchant 019,RETAIL,2026-09-30T08:53:01,201964,COP,POSTED
T003319,A0119,C039,M039,Synthetic merchant 039,RETAIL,2026-09-30T04:52:41,204704,COP,POSTED
T003339,A0139,C059,M019,Synthetic merchant 019,RETAIL,2026-09-30T00:52:21,207444,USD,CANCELLED
T003359,A0159,C079,M039,Synthetic merchant 039,RETAIL,2026-09-30T20:52:01,210184,COP,POSTED
T003379,A0179,C019,,,RETAIL,2026-09-30T16:51:41,212924,COP,POSTED
T003399,A0199,C039,M039,Synthetic merchant 039,RETAIL,2026-09-30T12:51:21,215664,USD,POSTED
T003419,A0019,C019,M019,Synthetic merchant 019,RETAIL,2026-09-30T08:51:01,218404,COP,POSTED
T003439,A0039,C039,M039,Synthetic merchant 039,RETAIL,2026-09-30T04:50:41,221144,COP,POSTED
T003459,A0059,C059,M019,Synthetic merchant 019,RETAIL,2026-09-30T00:50:21,223884,USD,POSTED
T003479,A0079,C079,M039,Synthetic merchant 039,RETAIL,2026-09-30T20:50:01,226624,COP,CANCELLED
T003499,A0099,C019,M019,Synthetic merchant 019,RETAIL,2026-09-30T16:49:41,229364,COP,POSTED
T003519,A0119,C039,M039,Synthetic merchant 039,RETAIL,2026-09-30T12:49:21,-232104,USD,POSTED
T003539,A0139,C059,M019,Synthetic merchant 019,RETAIL,2026-09-30T08:49:01,234844,COP,POSTED
T003559,A0159,C079,M039,Synthetic merchant 039,RETAIL,2026-09-30T04:48:41,237584,COP,POSTED
T003579,A0179,C019,M019,Synthetic merchant 019,RETAIL,2026-09-30T00:48:21,240324,USD,POSTED
T003599,A0199,C039,M039,Synthetic merchant 039,RETAIL,2026-09-30T20:48:01,243064,COP,POSTED
T003619,A0019,C019,M019,Synthetic merchant 019,RETAIL,2026-09-30T16:47:41,245804,COP,CANCELLED
T003639,A0039,C039,M039,Synthetic merchant 039,RETAIL,2026-09-30T12:47:21,248544,USD,POSTED
T003659,A0059,C059,M019,Synthetic merchant 019,RETAIL,2026-09-30T08:47:01,1284,COP,POSTED
T003679,A0079,C079,M039,Synthetic merchant 039,RETAIL,2026-09-30T04:46:41,4024,COP,POSTED
T003699,A0099,C019,M019,Synthetic merchant 019,RETAIL,2026-09-30T00:46:21,6764,USD,POSTED
T003719,A0119,C039,M039,Synthetic merchant 039,RETAIL,2026-09-30T20:46:01,9504,COP,POSTED
T003739,A0139,C059,M019,Synthetic merchant 019,RETAIL,2026-09-30T16:45:41,12244,COP,POSTED
T003759,A0159,C079,M039,Synthetic merchant 039,RETAIL,2026-09-30T12:45:21,14984,USD,CANCELLED
T003779,A0179,C019,M019,Synthetic merchant 019,RETAIL,2026-09-30T08:45:01,17724,COP,POSTED
T003799,A0199,C039,M039,Synthetic merchant 039,RETAIL,2026-09-30T04:44:41,20464,COP,POSTED
T003819,A0019,C019,M019,Synthetic merchant 019,RETAIL,2026-09-30T00:44:21,23204,USD,POSTED
T003839,A0039,C039,M039,Synthetic merchant 039,RETAIL,2026-09-30T20:44:01,25944,COP,POSTED
T003859,A0059,C059,M019,Synthetic merchant 019,RETAIL,2026-09-30T16:43:41,-28684,COP,POSTED
T003879,A0079,C079,M039,Synthetic merchant 039,RETAIL,2026-09-30T12:43:21,31424,USD,POSTED
T003899,A0099,C019,M019,Synthetic merchant 019,RETAIL,2026-09-30T08:43:01,34164,COP,CANCELLED
T003919,A0119,C039,M039,Synthetic merchant 039,RETAIL,2026-09-30T04:42:41,36904,COP,POSTED
T003939,A0139,C059,M019,Synthetic merchant 019,RETAIL,2026-09-30T00:42:21,39644,USD,POSTED
T003959,A0159,C079,M039,Synthetic merchant 039,RETAIL,2026-09-30T20:42:01,42384,COP,POSTED
T003979,A0179,C019,M019,Synthetic merchant 019,RETAIL,2026-09-30T16:41:41,45124,COP,POSTED
T003999,A0199,C039,,,RETAIL,2026-09-30T12:41:21,47864,USD,POSTED
T004019,A0019,C019,M019,Synthetic merchant 019,RETAIL,2026-09-30T08:41:01,50604,COP,POSTED
T004039,A0039,C039,M039,Synthetic merchant 039,RETAIL,2026-09-30T04:40:41,53344,COP,CANCELLED
T004059,A0059,C059,M019,Synthetic merchant 019,RETAIL,2026-09-30T00:40:21,56084,USD,POSTED
T004079,A0079,C079,M039,Synthetic merchant 039,RETAIL,2026-09-30T20:40:01,58824,COP,POSTED
T004099,A0099,C019,M019,Synthetic merchant 019,RETAIL,2026-09-30T16:39:41,61564,COP,POSTED
T004119,A0119,C039,M039,Synthetic merchant 039,RETAIL,2026-09-30T12:39:21,64304,USD,POSTED
T004139,A0139,C059,M019,Synthetic merchant 019,RETAIL,2026-09-30T08:39:01,67044,COP,POSTED
T004159,A0159,C079,M039,Synthetic merchant 039,RETAIL,2026-09-30T04:38:41,69784,COP,POSTED
T004179,A0179,C019,M019,Synthetic merchant 019,RETAIL,2026-09-30T00:38:21,72524,USD,CANCELLED
T004199,A0199,C039,M039,Synthetic merchant 039,RETAIL,2026-09-30T20:38:01,-75264,COP,POSTED
T004219,A0019,C019,M019,Synthetic merchant 019,RETAIL,2026-09-30T16:37:41,78004,COP,POSTED
T004239,A0039,C039,M039,Synthetic merchant 039,RETAIL,2026-09-30T12:37:21,80744,USD,POSTED
T004259,A0059,C059,M019,Synthetic merchant 019,RETAIL,2026-09-30T08:37:01,83484,COP,POSTED
T004279,A0079,C079,M039,Synthetic merchant 039,RETAIL,2026-09-30T04:36:41,86224,COP,POSTED
T004299,A0099,C019,M019,Synthetic merchant 019,RETAIL,2026-09-30T00:36:21,88964,USD,POSTED
T004319,A0119,C039,M039,Synthetic merchant 039,RETAIL,2026-09-30T20:36:01,91704,COP,CANCELLED
T004339,A0139,C059,M019,Synthetic merchant 019,RETAIL,2026-09-30T16:35:41,94444,COP,POSTED
T004359,A0159,C079,M039,Synthetic merchant 039,RETAIL,2026-09-30T12:35:21,97184,USD,POSTED
T004379,A0179,C019,M019,Synthetic merchant 019,RETAIL,2026-09-30T08:35:01,99924,COP,POSTED
T004399,A0199,C039,M039,Synthetic merchant 039,RETAIL,2026-09-30T04:34:41,102664,COP,POSTED
T004419,A0019,C019,M019,Synthetic merchant 019,RETAIL,2026-09-30T00:34:21,105404,USD,POSTED
T004439,A0039,C039,M039,Synthetic merchant 039,RETAIL,2026-09-30T20:34:01,108144,COP,POSTED
T004459,A0059,C059,M019,Synthetic merchant 019,RETAIL,2026-09-30T16:33:41,110884,COP,CANCELLED
T004479,A0079,C079,M039,Synthetic merchant 039,RETAIL,2026-09-30T12:33:21,113624,USD,POSTED
T004499,A0099,C019,M019,Synthetic merchant 019,RETAIL,2026-09-30T08:33:01,116364,COP,POSTED
T004519,A0119,C039,M039,Synthetic merchant 039,RETAIL,2026-09-30T04:32:41,119104,COP,POSTED
T004539,A0139,C059,M019,Synthetic merchant 019,RETAIL,2026-09-30T00:32:21,-121844,USD,POSTED
T004559,A0159,C079,M039,Synthetic merchant 039,RETAIL,2026-09-30T20:32:01,124584,COP,POSTED
T004579,A0179,C019,M019,Synthetic merchant 019,RETAIL,2026-09-30T16:31:41,127324,COP,POSTED
T004599,A0199,C039,M039,Synthetic merchant 039,RETAIL,2026-09-30T12:31:21,130064,USD,CANCELLED
T004619,A0019,C019,,,RETAIL,2026-09-30T08:31:01,132804,COP,POSTED
T004639,A0039,C039,M039,Synthetic merchant 039,RETAIL,2026-09-30T04:30:41,135544,COP,POSTED
T004659,A0059,C059,M019,Synthetic merchant 019,RETAIL,2026-09-30T00:30:21,138284,USD,POSTED
T004679,A0079,C079,M039,Synthetic merchant 039,RETAIL,2026-09-30T20:30:01,141024,COP,POSTED
T004699,A0099,C019,M019,Synthetic merchant 019,RETAIL,2026-09-30T16:29:41,143764,COP,POSTED
T004719,A0119,C039,M039,Synthetic merchant 039,RETAIL,2026-09-30T12:29:21,146504,USD,POSTED
T004739,A0139,C059,M019,Synthetic merchant 019,RETAIL,2026-09-30T08:29:01,149244,COP,CANCELLED
T004759,A0159,C079,M039,Synthetic merchant 039,RETAIL,2026-09-30T04:28:41,151984,COP,POSTED
T004779,A0179,C019,M019,Synthetic merchant 019,RETAIL,2026-09-30T00:28:21,154724,USD,POSTED
T004799,A0199,C039,M039,Synthetic merchant 039,RETAIL,2026-09-30T20:28:01,157464,COP,POSTED
T004819,A0019,C019,M019,Synthetic merchant 019,RETAIL,2026-09-30T16:27:41,160204,COP,POSTED
T004839,A0039,C039,M039,Synthetic merchant 039,RETAIL,2026-09-30T12:27:21,162944,USD,POSTED
T004859,A0059,C059,M019,Synthetic merchant 019,RETAIL,2026-09-30T08:27:01,165684,COP,POSTED
T004879,A0079,C079,M039,Synthetic merchant 039,RETAIL,2026-09-30T04:26:41,-168424,COP,CANCELLED
T004899,A0099,C019,M019,Synthetic merchant 019,RETAIL,2026-09-30T00:26:21,171164,USD,POSTED
T004919,A0119,C039,M039,Synthetic merchant 039,RETAIL,2026-09-30T20:26:01,173904,COP,POSTED
T004939,A0139,C059,M019,Synthetic merchant 019,RETAIL,2026-09-30T16:25:41,176644,COP,POSTED
T004959,A0159,C079,M039,Synthetic merchant 039,RETAIL,2026-09-30T12:25:21,179384,USD,POSTED
T004979,A0179,C019,M019,Synthetic merchant 019,RETAIL,2026-09-30T08:25:01,182124,COP,POSTED
T004999,A0199,C039,M039,Synthetic merchant 039,RETAIL,2026-09-30T04:24:41,184864,COP,POSTED
T005019,A0019,C019,M019,Synthetic merchant 019,RETAIL,2026-09-30T00:24:21,187604,USD,CANCELLED
T005039,A0039,C039,M039,Synthetic merchant 039,RETAIL,2026-09-30T20:24:01,190344,COP,POSTED
T005059,A0059,C059,M019,Synthetic merchant 019,RETAIL,2026-09-30T16:23:41,193084,COP,POSTED
T005079,A0079,C079,M039,Synthetic merchant 039,RETAIL,2026-09-30T12:23:21,195824,USD,POSTED
T005099,A0099,C019,M019,Synthetic merchant 019,RETAIL,2026-09-30T08:23:01,198564,COP,POSTED
T005119,A0119,C039,M039,Synthetic merchant 039,RETAIL,2026-09-30T04:22:41,201304,COP,POSTED
T005139,A0139,C059,M019,Synthetic merchant 019,RETAIL,2026-09-30T00:22:21,204044,USD,POSTED
T005159,A0159,C079,M039,Synthetic merchant 039,RETAIL,2026-09-30T20:22:01,206784,COP,CANCELLED
T005179,A0179,C019,M019,Synthetic merchant 019,RETAIL,2026-09-30T16:21:41,209524,COP,POSTED
T005199,A0199,C039,M039,Synthetic merchant 039,RETAIL,2026-09-30T12:21:21,212264,USD,POSTED
T005219,A0019,C019,M019,Synthetic merchant 019,RETAIL,2026-09-30T08:21:01,-215004,COP,POSTED
T005239,A0039,C039,,,RETAIL,2026-09-30T04:20:41,217744,COP,POSTED
T005259,A0059,C059,M019,Synthetic merchant 019,RETAIL,2026-09-30T00:20:21,220484,USD,POSTED
T005279,A0079,C079,M039,Synthetic merchant 039,RETAIL,2026-09-30T20:20:01,223224,COP,POSTED
T005299,A0099,C019,M019,Synthetic merchant 019,RETAIL,2026-09-30T16:19:41,225964,COP,CANCELLED
T005319,A0119,C039,M039,Synthetic merchant 039,RETAIL,2026-09-30T12:19:21,228704,USD,POSTED
T005339,A0139,C059,M019,Synthetic merchant 019,RETAIL,2026-09-30T08:19:01,231444,COP,POSTED
T005359,A0159,C079,M039,Synthetic merchant 039,RETAIL,2026-09-30T04:18:41,234184,COP,POSTED
T005379,A0179,C019,M019,Synthetic merchant 019,RETAIL,2026-09-30T00:18:21,236924,USD,POSTED
T005399,A0199,C039,M039,Synthetic merchant 039,RETAIL,2026-09-30T20:18:01,239664,COP,POSTED
T005419,A0019,C019,M019,Synthetic merchant 019,RETAIL,2026-09-30T16:17:41,242404,COP,POSTED
T005439,A0039,C039,M039,Synthetic merchant 039,RETAIL,2026-09-30T12:17:21,245144,USD,CANCELLED
T005459,A0059,C059,M019,Synthetic merchant 019,RETAIL,2026-09-30T08:17:01,247884,COP,POSTED
T005479,A0079,C079,M039,Synthetic merchant 039,RETAIL,2026-09-30T04:16:41,624,COP,POSTED
T005499,A0099,C019,M019,Synthetic merchant 019,RETAIL,2026-09-30T00:16:21,3364,USD,POSTED
T005519,A0119,C039,M039,Synthetic merchant 039,RETAIL,2026-09-30T20:16:01,6104,COP,POSTED
T005539,A0139,C059,M019,Synthetic merchant 019,RETAIL,2026-09-30T16:15:41,8844,COP,POSTED
T005559,A0159,C079,M039,Synthetic merchant 039,RETAIL,2026-09-30T12:15:21,-11584,USD,POSTED
T005579,A0179,C019,M019,Synthetic merchant 019,RETAIL,2026-09-30T08:15:01,14324,COP,CANCELLED
T005599,A0199,C039,M039,Synthetic merchant 039,RETAIL,2026-09-30T04:14:41,17064,COP,POSTED
T005619,A0019,C019,M019,Synthetic merchant 019,RETAIL,2026-09-30T00:14:21,19804,USD,POSTED
T005639,A0039,C039,M039,Synthetic merchant 039,RETAIL,2026-09-30T20:14:01,22544,COP,POSTED
T005659,A0059,C059,M019,Synthetic merchant 019,RETAIL,2026-09-30T16:13:41,25284,COP,POSTED
T005679,A0079,C079,M039,Synthetic merchant 039,RETAIL,2026-09-30T12:13:21,28024,USD,POSTED
T005699,A0099,C019,M019,Synthetic merchant 019,RETAIL,2026-09-30T08:13:01,30764,COP,POSTED
T005719,A0119,C039,M039,Synthetic merchant 039,RETAIL,2026-09-30T04:12:41,33504,COP,CANCELLED
T005739,A0139,C059,M019,Synthetic merchant 019,RETAIL,2026-09-30T00:12:21,36244,USD,POSTED
T005759,A0159,C079,M039,Synthetic merchant 039,RETAIL,2026-09-30T20:12:01,38984,COP,POSTED
T005779,A0179,C019,M019,Synthetic merchant 019,RETAIL,2026-09-30T16:11:41,41724,COP,POSTED
T005799,A0199,C039,M039,Synthetic merchant 039,RETAIL,2026-09-30T12:11:21,44464,USD,POSTED
T005819,A0019,C019,M019,Synthetic merchant 019,RETAIL,2026-09-30T08:11:01,47204,COP,POSTED
T005839,A0039,C039,M039,Synthetic merchant 039,RETAIL,2026-09-30T04:10:41,49944,COP,POSTED
T005859,A0059,C059,,,RETAIL,2026-09-30T00:10:21,52684,USD,CANCELLED
T005879,A0079,C079,M039,Synthetic merchant 039,RETAIL,2026-09-30T20:10:01,55424,COP,POSTED
T005899,A0099,C019,M019,Synthetic merchant 019,RETAIL,2026-09-30T16:09:41,-58164,COP,POSTED
T005919,A0119,C039,M039,Synthetic merchant 039,RETAIL,2026-09-30T12:09:21,60904,USD,POSTED
T005939,A0139,C059,M019,Synthetic merchant 019,RETAIL,2026-09-30T08:09:01,63644,COP,POSTED
T005959,A0159,C079,M039,Synthetic merchant 039,RETAIL,2026-09-30T04:08:41,66384,COP,POSTED
T005979,A0179,C019,M019,Synthetic merchant 019,RETAIL,2026-09-30T00:08:21,69124,USD,POSTED
T005999,A0199,C039,M039,Synthetic merchant 039,RETAIL,2026-09-30T20:08:01,71864,COP,CANCELLED
T006019,A0019,C019,M019,Synthetic merchant 019,RETAIL,2026-09-30T16:07:41,74604,COP,POSTED
T006039,A0039,C039,M039,Synthetic merchant 039,RETAIL,2026-09-30T12:07:21,77344,USD,POSTED
T006059,A0059,C059,M019,Synthetic merchant 019,RETAIL,2026-09-30T08:07:01,80084,COP,POSTED
T006079,A0079,C079,M039,Synthetic merchant 039,RETAIL,2026-09-30T04:06:41,82824,COP,POSTED
T006099,A0099,C019,M019,Synthetic merchant 019,RETAIL,2026-09-30T00:06:21,85564,USD,POSTED
T006119,A0119,C039,M039,Synthetic merchant 039,RETAIL,2026-09-30T20:06:01,88304,COP,POSTED
T006139,A0139,C059,M019,Synthetic merchant 019,RETAIL,2026-09-30T16:05:41,91044,COP,CANCELLED
T006159,A0159,C079,M039,Synthetic merchant 039,RETAIL,2026-09-30T12:05:21,93784,USD,POSTED
T006179,A0179,C019,M019,Synthetic merchant 019,RETAIL,2026-09-30T08:05:01,96524,COP,POSTED
T006199,A0199,C039,M039,Synthetic merchant 039,RETAIL,2026-09-30T04:04:41,99264,COP,POSTED
T006219,A0019,C019,M019,Synthetic merchant 019,RETAIL,2026-09-30T00:04:21,102004,USD,POSTED
T006239,A0039,C039,M039,Synthetic merchant 039,RETAIL,2026-09-30T20:04:01,-104744,COP,POSTED
T006259,A0059,C059,M019,Synthetic merchant 019,RETAIL,2026-09-30T16:03:41,107484,COP,POSTED
T006279,A0079,C079,M039,Synthetic merchant 039,RETAIL,2026-09-30T12:03:21,110224,USD,CANCELLED
T006299,A0099,C019,M019,Synthetic merchant 019,RETAIL,2026-09-30T08:03:01,112964,COP,POSTED
T006319,A0119,C039,M039,Synthetic merchant 039,RETAIL,2026-09-30T04:02:41,115704,COP,POSTED
T006339,A0139,C059,M019,Synthetic merchant 019,RETAIL,2026-09-30T00:02:21,118444,USD,POSTED
T006359,A0159,C079,M039,Synthetic merchant 039,RETAIL,2026-09-30T20:02:01,121184,COP,POSTED
T006379,A0179,C019,M019,Synthetic merchant 019,RETAIL,2026-09-30T16:01:41,123924,COP,POSTED
T006399,A0199,C039,M039,Synthetic merchant 039,RETAIL,2026-09-30T12:01:21,126664,USD,POSTED
T006419,A0019,C019,M019,Synthetic merchant 019,RETAIL,2026-09-30T08:01:01,129404,COP,CANCELLED
T006439,A0039,C039,M039,Synthetic merchant 039,RETAIL,2026-09-30T04:00:41,132144,COP,POSTED
T006459,A0059,C059,M019,Synthetic merchant 019,RETAIL,2026-09-30T00:00:21,134884,USD,POSTED
T006479,A0079,C079,,,RETAIL,2026-09-30T20:00:01,137624,COP,POSTED
T006499,A0099,C019,M019,Synthetic merchant 019,RETAIL,2026-09-30T15:59:41,140364,COP,POSTED
T006519,A0119,C039,M039,Synthetic merchant 039,RETAIL,2026-09-30T11:59:21,143104,USD,POSTED
T006539,A0139,C059,M019,Synthetic merchant 019,RETAIL,2026-09-30T07:59:01,145844,COP,POSTED
T006559,A0159,C079,M039,Synthetic merchant 039,RETAIL,2026-09-30T03:58:41,148584,COP,CANCELLED
T006579,A0179,C019,M019,Synthetic merchant 019,RETAIL,2026-09-30T23:58:21,-151324,USD,POSTED
T006599,A0199,C039,M039,Synthetic merchant 039,RETAIL,2026-09-30T19:58:01,154064,COP,POSTED
T006619,A0019,C019,M019,Synthetic merchant 019,RETAIL,2026-09-30T15:57:41,156804,COP,POSTED
T006639,A0039,C039,M039,Synthetic merchant 039,RETAIL,2026-09-30T11:57:21,159544,USD,POSTED
T006659,A0059,C059,M019,Synthetic merchant 019,RETAIL,2026-09-30T07:57:01,162284,COP,POSTED
T006679,A0079,C079,M039,Synthetic merchant 039,RETAIL,2026-09-30T03:56:41,165024,COP,POSTED
T006699,A0099,C019,M019,Synthetic merchant 019,RETAIL,2026-09-30T23:56:21,167764,USD,CANCELLED
T006719,A0119,C039,M039,Synthetic merchant 039,RETAIL,2026-09-30T19:56:01,170504,COP,POSTED
T006739,A0139,C059,M019,Synthetic merchant 019,RETAIL,2026-09-30T15:55:41,173244,COP,POSTED
T006759,A0159,C079,M039,Synthetic merchant 039,RETAIL,2026-09-30T11:55:21,175984,USD,POSTED
T006779,A0179,C019,M019,Synthetic merchant 019,RETAIL,2026-09-30T07:55:01,178724,COP,POSTED
T006799,A0199,C039,M039,Synthetic merchant 039,RETAIL,2026-09-30T03:54:41,181464,COP,POSTED
T006819,A0019,C019,M019,Synthetic merchant 019,RETAIL,2026-09-30T23:54:21,184204,USD,POSTED
T006839,A0039,C039,M039,Synthetic merchant 039,RETAIL,2026-09-30T19:54:01,186944,COP,CANCELLED
T006859,A0059,C059,M019,Synthetic merchant 019,RETAIL,2026-09-30T15:53:41,189684,COP,POSTED
T006879,A0079,C079,M039,Synthetic merchant 039,RETAIL,2026-09-30T11:53:21,192424,USD,POSTED
T006899,A0099,C019,M019,Synthetic merchant 019,RETAIL,2026-09-30T07:53:01,195164,COP,POSTED
T006919,A0119,C039,M039,Synthetic merchant 039,RETAIL,2026-09-30T03:52:41,-197904,COP,POSTED
T006939,A0139,C059,M019,Synthetic merchant 019,RETAIL,2026-09-30T23:52:21,200644,USD,POSTED
T006959,A0159,C079,M039,Synthetic merchant 039,RETAIL,2026-09-30T19:52:01,203384,COP,POSTED
T006979,A0179,C019,M019,Synthetic merchant 019,RETAIL,2026-09-30T15:51:41,206124,COP,CANCELLED
T006999,A0199,C039,M039,Synthetic merchant 039,RETAIL,2026-09-30T11:51:21,208864,USD,POSTED
T007019,A0019,C019,M019,Synthetic merchant 019,RETAIL,2026-09-30T07:51:01,211604,COP,POSTED
T007039,A0039,C039,M039,Synthetic merchant 039,RETAIL,2026-09-30T03:50:41,214344,COP,POSTED
T007059,A0059,C059,M019,Synthetic merchant 019,RETAIL,2026-09-30T23:50:21,217084,USD,POSTED
T007079,A0079,C079,M039,Synthetic merchant 039,RETAIL,2026-09-30T19:50:01,219824,COP,POSTED
T007099,A0099,C019,,,RETAIL,2026-09-30T15:49:41,222564,COP,POSTED
T007119,A0119,C039,M039,Synthetic merchant 039,RETAIL,2026-09-30T11:49:21,225304,USD,CANCELLED
T007139,A0139,C059,M019,Synthetic merchant 019,RETAIL,2026-09-30T07:49:01,228044,COP,POSTED
T007159,A0159,C079,M039,Synthetic merchant 039,RETAIL,2026-09-30T03:48:41,230784,COP,POSTED
T007179,A0179,C019,M019,Synthetic merchant 019,RETAIL,2026-09-30T23:48:21,233524,USD,POSTED
T007199,A0199,C039,M039,Synthetic merchant 039,RETAIL,2026-09-30T19:48:01,236264,COP,POSTED
T007219,A0019,C019,M019,Synthetic merchant 019,RETAIL,2026-09-30T15:47:41,239004,COP,POSTED
T007239,A0039,C039,M039,Synthetic merchant 039,RETAIL,2026-09-30T11:47:21,241744,USD,POSTED
T007259,A0059,C059,M019,Synthetic merchant 019,RETAIL,2026-09-30T07:47:01,-244484,COP,CANCELLED
T007279,A0079,C079,M039,Synthetic merchant 039,RETAIL,2026-09-30T03:46:41,247224,COP,POSTED
T007299,A0099,C019,M019,Synthetic merchant 019,RETAIL,2026-09-30T23:46:21,249964,USD,POSTED
T007319,A0119,C039,M039,Synthetic merchant 039,RETAIL,2026-09-30T19:46:01,2704,COP,POSTED
T007339,A0139,C059,M019,Synthetic merchant 019,RETAIL,2026-09-30T15:45:41,5444,COP,POSTED
T007359,A0159,C079,M039,Synthetic merchant 039,RETAIL,2026-09-30T11:45:21,8184,USD,POSTED
T007379,A0179,C019,M019,Synthetic merchant 019,RETAIL,2026-09-30T07:45:01,10924,COP,POSTED
T007399,A0199,C039,M039,Synthetic merchant 039,RETAIL,2026-09-30T03:44:41,13664,COP,CANCELLED
T007419,A0019,C019,M019,Synthetic merchant 019,RETAIL,2026-09-30T23:44:21,16404,USD,POSTED
T007439,A0039,C039,M039,Synthetic merchant 039,RETAIL,2026-09-30T19:44:01,19144,COP,POSTED
T007459,A0059,C059,M019,Synthetic merchant 019,RETAIL,2026-09-30T15:43:41,21884,COP,POSTED
T007479,A0079,C079,M039,Synthetic merchant 039,RETAIL,2026-09-30T11:43:21,24624,USD,POSTED
T007499,A0099,C019,M019,Synthetic merchant 019,RETAIL,2026-09-30T07:43:01,27364,COP,POSTED
T007519,A0119,C039,M039,Synthetic merchant 039,RETAIL,2026-09-30T03:42:41,30104,COP,POSTED
T007539,A0139,C059,M019,Synthetic merchant 019,RETAIL,2026-09-30T23:42:21,32844,USD,CANCELLED
T007559,A0159,C079,M039,Synthetic merchant 039,RETAIL,2026-09-30T19:42:01,35584,COP,POSTED
T007579,A0179,C019,M019,Synthetic merchant 019,RETAIL,2026-09-30T15:41:41,38324,COP,POSTED
T007599,A0199,C039,M039,Synthetic merchant 039,RETAIL,2026-09-30T11:41:21,-41064,USD,POSTED
T007619,A0019,C019,M019,Synthetic merchant 019,RETAIL,2026-09-30T07:41:01,43804,COP,POSTED
T007639,A0039,C039,M039,Synthetic merchant 039,RETAIL,2026-09-30T03:40:41,46544,COP,POSTED
T007659,A0059,C059,M019,Synthetic merchant 019,RETAIL,2026-09-30T23:40:21,49284,USD,POSTED
T007679,A0079,C079,M039,Synthetic merchant 039,RETAIL,2026-09-30T19:40:01,52024,COP,CANCELLED
T007699,A0099,C019,M019,Synthetic merchant 019,RETAIL,2026-09-30T15:39:41,54764,COP,POSTED
T007719,A0119,C039,,,RETAIL,2026-09-30T11:39:21,57504,USD,POSTED
T007739,A0139,C059,M019,Synthetic merchant 019,RETAIL,2026-09-30T07:39:01,60244,COP,POSTED
T007759,A0159,C079,M039,Synthetic merchant 039,RETAIL,2026-09-30T03:38:41,62984,COP,POSTED
T007779,A0179,C019,M019,Synthetic merchant 019,RETAIL,2026-09-30T23:38:21,65724,USD,POSTED
T007799,A0199,C039,M039,Synthetic merchant 039,RETAIL,2026-09-30T19:38:01,68464,COP,POSTED
T007819,A0019,C019,M019,Synthetic merchant 019,RETAIL,2026-09-30T15:37:41,71204,COP,CANCELLED
T007839,A0039,C039,M039,Synthetic merchant 039,RETAIL,2026-09-30T11:37:21,73944,USD,POSTED
T007859,A0059,C059,M019,Synthetic merchant 019,RETAIL,2026-09-30T07:37:01,76684,COP,POSTED
T007879,A0079,C079,M039,Synthetic merchant 039,RETAIL,2026-09-30T03:36:41,79424,COP,POSTED
T007899,A0099,C019,M019,Synthetic merchant 019,RETAIL,2026-09-30T23:36:21,82164,USD,POSTED
T007919,A0119,C039,M039,Synthetic merchant 039,RETAIL,2026-09-30T19:36:01,84904,COP,POSTED
T007939,A0139,C059,M019,Synthetic merchant 019,RETAIL,2026-09-30T15:35:41,-87644,COP,POSTED
T007959,A0159,C079,M039,Synthetic merchant 039,RETAIL,2026-09-30T11:35:21,90384,USD,CANCELLED
T007979,A0179,C019,M019,Synthetic merchant 019,RETAIL,2026-09-30T07:35:01,93124,COP,POSTED
T007999,A0199,C039,M039,Synthetic merchant 039,RETAIL,2026-09-30T03:34:41,95864,COP,POSTED
T008019,A0019,C019,M019,Synthetic merchant 019,RETAIL,2026-09-30T23:34:21,98604,USD,POSTED
T008039,A0039,C039,M039,Synthetic merchant 039,RETAIL,2026-09-30T19:34:01,101344,COP,POSTED
T008059,A0059,C059,M019,Synthetic merchant 019,RETAIL,2026-09-30T15:33:41,104084,COP,POSTED
T008079,A0079,C079,M039,Synthetic merchant 039,RETAIL,2026-09-30T11:33:21,106824,USD,POSTED
T008099,A0099,C019,M019,Synthetic merchant 019,RETAIL,2026-09-30T07:33:01,109564,COP,CANCELLED
T008119,A0119,C039,M039,Synthetic merchant 039,RETAIL,2026-09-30T03:32:41,112304,COP,POSTED
T008139,A0139,C059,M019,Synthetic merchant 019,RETAIL,2026-09-30T23:32:21,115044,USD,POSTED
T008159,A0159,C079,M039,Synthetic merchant 039,RETAIL,2026-09-30T19:32:01,117784,COP,POSTED
T008179,A0179,C019,M019,Synthetic merchant 019,RETAIL,2026-09-30T15:31:41,120524,COP,POSTED
T008199,A0199,C039,M039,Synthetic merchant 039,RETAIL,2026-09-30T11:31:21,123264,USD,POSTED
T008219,A0019,C019,M019,Synthetic merchant 019,RETAIL,2026-09-30T07:31:01,126004,COP,POSTED
T008239,A0039,C039,M039,Synthetic merchant 039,RETAIL,2026-09-30T03:30:41,128744,COP,CANCELLED
T008259,A0059,C059,M019,Synthetic merchant 019,RETAIL,2026-09-30T23:30:21,131484,USD,POSTED
T008279,A0079,C079,M039,Synthetic merchant 039,RETAIL,2026-09-30T19:30:01,-134224,COP,POSTED
T008299,A0099,C019,M019,Synthetic merchant 019,RETAIL,2026-09-30T15:29:41,136964,COP,POSTED
T008319,A0119,C039,M039,Synthetic merchant 039,RETAIL,2026-09-30T11:29:21,139704,USD,POSTED
T008339,A0139,C059,,,RETAIL,2026-09-30T07:29:01,142444,COP,POSTED
T008359,A0159,C079,M039,Synthetic merchant 039,RETAIL,2026-09-30T03:28:41,145184,COP,POSTED
T008379,A0179,C019,M019,Synthetic merchant 019,RETAIL,2026-09-30T23:28:21,147924,USD,CANCELLED
T008399,A0199,C039,M039,Synthetic merchant 039,RETAIL,2026-09-30T19:28:01,150664,COP,POSTED
T008419,A0019,C019,M019,Synthetic merchant 019,RETAIL,2026-09-30T15:27:41,153404,COP,POSTED
T008439,A0039,C039,M039,Synthetic merchant 039,RETAIL,2026-09-30T11:27:21,156144,USD,POSTED
T008459,A0059,C059,M019,Synthetic merchant 019,RETAIL,2026-09-30T07:27:01,158884,COP,POSTED
T008479,A0079,C079,M039,Synthetic merchant 039,RETAIL,2026-09-30T03:26:41,161624,COP,POSTED
T008499,A0099,C019,M019,Synthetic merchant 019,RETAIL,2026-09-30T23:26:21,164364,USD,POSTED
T008519,A0119,C039,M039,Synthetic merchant 039,RETAIL,2026-09-30T19:26:01,167104,COP,CANCELLED
T008539,A0139,C059,M019,Synthetic merchant 019,RETAIL,2026-09-30T15:25:41,169844,COP,POSTED
T008559,A0159,C079,M039,Synthetic merchant 039,RETAIL,2026-09-30T11:25:21,172584,USD,POSTED
T008579,A0179,C019,M019,Synthetic merchant 019,RETAIL,2026-09-30T07:25:01,175324,COP,POSTED
T008599,A0199,C039,M039,Synthetic merchant 039,RETAIL,2026-09-30T03:24:41,178064,COP,POSTED
T008619,A0019,C019,M019,Synthetic merchant 019,RETAIL,2026-09-30T23:24:21,-180804,USD,POSTED
T008639,A0039,C039,M039,Synthetic merchant 039,RETAIL,2026-09-30T19:24:01,183544,COP,POSTED
T008659,A0059,C059,M019,Synthetic merchant 019,RETAIL,2026-09-30T15:23:41,186284,COP,CANCELLED
T008679,A0079,C079,M039,Synthetic merchant 039,RETAIL,2026-09-30T11:23:21,189024,USD,POSTED
T008699,A0099,C019,M019,Synthetic merchant 019,RETAIL,2026-09-30T07:23:01,191764,COP,POSTED
T008719,A0119,C039,M039,Synthetic merchant 039,RETAIL,2026-09-30T03:22:41,194504,COP,POSTED
T008739,A0139,C059,M019,Synthetic merchant 019,RETAIL,2026-09-30T23:22:21,197244,USD,POSTED
T008759,A0159,C079,M039,Synthetic merchant 039,RETAIL,2026-09-30T19:22:01,199984,COP,POSTED
T008779,A0179,C019,M019,Synthetic merchant 019,RETAIL,2026-09-30T15:21:41,202724,COP,POSTED
T008799,A0199,C039,M039,Synthetic merchant 039,RETAIL,2026-09-30T11:21:21,205464,USD,CANCELLED
T008819,A0019,C019,M019,Synthetic merchant 019,RETAIL,2026-09-30T07:21:01,208204,COP,POSTED
T008839,A0039,C039,M039,Synthetic merchant 039,RETAIL,2026-09-30T03:20:41,210944,COP,POSTED
T008859,A0059,C059,M019,Synthetic merchant 019,RETAIL,2026-09-30T23:20:21,213684,USD,POSTED
T008879,A0079,C079,M039,Synthetic merchant 039,RETAIL,2026-09-30T19:20:01,216424,COP,POSTED
T008899,A0099,C019,M019,Synthetic merchant 019,RETAIL,2026-09-30T15:19:41,219164,COP,POSTED
T008919,A0119,C039,M039,Synthetic merchant 039,RETAIL,2026-09-30T11:19:21,221904,USD,POSTED
T008939,A0139,C059,M019,Synthetic merchant 019,RETAIL,2026-09-30T07:19:01,224644,COP,CANCELLED
T008959,A0159,C079,,,RETAIL,2026-09-30T03:18:41,-227384,COP,POSTED
T008979,A0179,C019,M019,Synthetic merchant 019,RETAIL,2026-09-30T23:18:21,230124,USD,POSTED
T008999,A0199,C039,M039,Synthetic merchant 039,RETAIL,2026-09-30T19:18:01,232864,COP,POSTED
T009019,A0019,C019,M019,Synthetic merchant 019,RETAIL,2026-09-30T15:17:41,235604,COP,POSTED
T009039,A0039,C039,M039,Synthetic merchant 039,RETAIL,2026-09-30T11:17:21,238344,USD,POSTED
T009059,A0059,C059,M019,Synthetic merchant 019,RETAIL,2026-09-30T07:17:01,241084,COP,POSTED
T009079,A0079,C079,M039,Synthetic merchant 039,RETAIL,2026-09-30T03:16:41,243824,COP,CANCELLED
T009099,A0099,C019,M019,Synthetic merchant 019,RETAIL,2026-09-30T23:16:21,246564,USD,POSTED
T009119,A0119,C039,M039,Synthetic merchant 039,RETAIL,2026-09-30T19:16:01,249304,COP,POSTED
T009139,A0139,C059,M019,Synthetic merchant 019,RETAIL,2026-09-30T15:15:41,2044,COP,POSTED
T009159,A0159,C079,M039,Synthetic merchant 039,RETAIL,2026-09-30T11:15:21,4784,USD,POSTED
T009179,A0179,C019,M019,Synthetic merchant 019,RETAIL,2026-09-30T07:15:01,7524,COP,POSTED
T009199,A0199,C039,M039,Synthetic merchant 039,RETAIL,2026-09-30T03:14:41,10264,COP,POSTED
T009219,A0019,C019,M019,Synthetic merchant 019,RETAIL,2026-09-30T23:14:21,13004,USD,CANCELLED
T009239,A0039,C039,M039,Synthetic merchant 039,RETAIL,2026-09-30T19:14:01,15744,COP,POSTED
T009259,A0059,C059,M019,Synthetic merchant 019,RETAIL,2026-09-30T15:13:41,18484,COP,POSTED
T009279,A0079,C079,M039,Synthetic merchant 039,RETAIL,2026-09-30T11:13:21,21224,USD,POSTED
T009299,A0099,C019,M019,Synthetic merchant 019,RETAIL,2026-09-30T07:13:01,-23964,COP,POSTED
T009319,A0119,C039,M039,Synthetic merchant 039,RETAIL,2026-09-30T03:12:41,26704,COP,POSTED
T009339,A0139,C059,M019,Synthetic merchant 019,RETAIL,2026-09-30T23:12:21,29444,USD,POSTED
T009359,A0159,C079,M039,Synthetic merchant 039,RETAIL,2026-09-30T19:12:01,32184,COP,CANCELLED
T009379,A0179,C019,M019,Synthetic merchant 019,RETAIL,2026-09-30T15:11:41,34924,COP,POSTED
T009399,A0199,C039,M039,Synthetic merchant 039,RETAIL,2026-09-30T11:11:21,37664,USD,POSTED
T009419,A0019,C019,M019,Synthetic merchant 019,RETAIL,2026-09-30T07:11:01,40404,COP,POSTED
T009439,A0039,C039,M039,Synthetic merchant 039,RETAIL,2026-09-30T03:10:41,43144,COP,POSTED
T009459,A0059,C059,M019,Synthetic merchant 019,RETAIL,2026-09-30T23:10:21,45884,USD,POSTED
T009479,A0079,C079,M039,Synthetic merchant 039,RETAIL,2026-09-30T19:10:01,48624,COP,POSTED
T009499,A0099,C019,M019,Synthetic merchant 019,RETAIL,2026-09-30T15:09:41,51364,COP,CANCELLED
T009519,A0119,C039,M039,Synthetic merchant 039,RETAIL,2026-09-30T11:09:21,54104,USD,POSTED
T009539,A0139,C059,M019,Synthetic merchant 019,RETAIL,2026-09-30T07:09:01,56844,COP,POSTED
T009559,A0159,C079,M039,Synthetic merchant 039,RETAIL,2026-09-30T03:08:41,59584,COP,POSTED
T009579,A0179,C019,,,RETAIL,2026-09-30T23:08:21,62324,USD,POSTED
T009599,A0199,C039,M039,Synthetic merchant 039,RETAIL,2026-09-30T19:08:01,65064,COP,POSTED
T009619,A0019,C019,M019,Synthetic merchant 019,RETAIL,2026-09-30T15:07:41,67804,COP,POSTED
T009639,A0039,C039,M039,Synthetic merchant 039,RETAIL,2026-09-30T11:07:21,-70544,USD,CANCELLED
T009659,A0059,C059,M019,Synthetic merchant 019,RETAIL,2026-09-30T07:07:01,73284,COP,POSTED
T009679,A0079,C079,M039,Synthetic merchant 039,RETAIL,2026-09-30T03:06:41,76024,COP,POSTED
T009699,A0099,C019,M019,Synthetic merchant 019,RETAIL,2026-09-30T23:06:21,78764,USD,POSTED
T009719,A0119,C039,M039,Synthetic merchant 039,RETAIL,2026-09-30T19:06:01,81504,COP,POSTED
T009739,A0139,C059,M019,Synthetic merchant 019,RETAIL,2026-09-30T15:05:41,84244,COP,POSTED
T009759,A0159,C079,M039,Synthetic merchant 039,RETAIL,2026-09-30T11:05:21,86984,USD,POSTED
T009779,A0179,C019,M019,Synthetic merchant 019,RETAIL,2026-09-30T07:05:01,89724,COP,CANCELLED
T009799,A0199,C039,M039,Synthetic merchant 039,RETAIL,2026-09-30T03:04:41,92464,COP,POSTED
T009819,A0019,C019,M019,Synthetic merchant 019,RETAIL,2026-09-30T23:04:21,95204,USD,POSTED
T009839,A0039,C039,M039,Synthetic merchant 039,RETAIL,2026-09-30T19:04:01,97944,COP,POSTED
T009859,A0059,C059,M019,Synthetic merchant 019,RETAIL,2026-09-30T15:03:41,100684,COP,POSTED
T009879,A0079,C079,M039,Synthetic merchant 039,RETAIL,2026-09-30T11:03:21,103424,USD,POSTED
T009899,A0099,C019,M019,Synthetic merchant 019,RETAIL,2026-09-30T07:03:01,106164,COP,POSTED
T009919,A0119,C039,M039,Synthetic merchant 039,RETAIL,2026-09-30T03:02:41,108904,COP,CANCELLED
T009939,A0139,C059,M019,Synthetic merchant 019,RETAIL,2026-09-30T23:02:21,111644,USD,POSTED
T009959,A0159,C079,M039,Synthetic merchant 039,RETAIL,2026-09-30T19:02:01,114384,COP,POSTED
T009979,A0179,C019,M019,Synthetic merchant 019,RETAIL,2026-09-30T15:01:41,-117124,COP,POSTED
T009999,A0199,C039,M039,Synthetic merchant 039,RETAIL,2026-09-30T11:01:21,119864,USD,POSTED
T010019,A0019,C019,M019,Synthetic merchant 019,RETAIL,2026-09-30T07:01:01,122604,COP,POSTED
T010039,A0039,C039,M039,Synthetic merchant 039,RETAIL,2026-09-30T03:00:41,125344,COP,POSTED
T010059,A0059,C059,M019,Synthetic merchant 019,RETAIL,2026-09-30T23:00:21,128084,USD,CANCELLED
T010079,A0079,C079,M039,Synthetic merchant 039,RETAIL,2026-09-30T19:00:01,130824,COP,POSTED
T010099,A0099,C019,M019,Synthetic merchant 019,RETAIL,2026-09-30T14:59:41,133564,COP,POSTED
T010119,A0119,C039,M039,Synthetic merchant 039,RETAIL,2026-09-30T10:59:21,136304,USD,POSTED
T010139,A0139,C059,M019,Synthetic merchant 019,RETAIL,2026-09-30T06:59:01,139044,COP,POSTED
T010159,A0159,C079,M039,Synthetic merchant 039,RETAIL,2026-09-30T02:58:41,141784,COP,POSTED
T010179,A0179,C019,M019,Synthetic merchant 019,RETAIL,2026-09-30T22:58:21,144524,USD,POSTED
T010199,A0199,C039,,,RETAIL,2026-09-30T18:58:01,147264,COP,CANCELLED
T010219,A0019,C019,M019,Synthetic merchant 019,RETAIL,2026-09-30T14:57:41,150004,COP,POSTED
T010239,A0039,C039,M039,Synthetic merchant 039,RETAIL,2026-09-30T10:57:21,152744,USD,POSTED
T010259,A0059,C059,M019,Synthetic merchant 019,RETAIL,2026-09-30T06:57:01,155484,COP,POSTED
T010279,A0079,C079,M039,Synthetic merchant 039,RETAIL,2026-09-30T02:56:41,158224,COP,POSTED
T010299,A0099,C019,M019,Synthetic merchant 019,RETAIL,2026-09-30T22:56:21,160964,USD,POSTED
T010319,A0119,C039,M039,Synthetic merchant 039,RETAIL,2026-09-30T18:56:01,-163704,COP,POSTED
T010339,A0139,C059,M019,Synthetic merchant 019,RETAIL,2026-09-30T14:55:41,166444,COP,CANCELLED
T010359,A0159,C079,M039,Synthetic merchant 039,RETAIL,2026-09-30T10:55:21,169184,USD,POSTED
T010379,A0179,C019,M019,Synthetic merchant 019,RETAIL,2026-09-30T06:55:01,171924,COP,POSTED
T010399,A0199,C039,M039,Synthetic merchant 039,RETAIL,2026-09-30T02:54:41,174664,COP,POSTED
T010419,A0019,C019,M019,Synthetic merchant 019,RETAIL,2026-09-30T22:54:21,177404,USD,POSTED
T010439,A0039,C039,M039,Synthetic merchant 039,RETAIL,2026-09-30T18:54:01,180144,COP,POSTED
T010459,A0059,C059,M019,Synthetic merchant 019,RETAIL,2026-09-30T14:53:41,182884,COP,POSTED
T010479,A0079,C079,M039,Synthetic merchant 039,RETAIL,2026-09-30T10:53:21,185624,USD,CANCELLED
T010499,A0099,C019,M019,Synthetic merchant 019,RETAIL,2026-09-30T06:53:01,188364,COP,POSTED
T010519,A0119,C039,M039,Synthetic merchant 039,RETAIL,2026-09-30T02:52:41,191104,COP,POSTED
T010539,A0139,C059,M019,Synthetic merchant 019,RETAIL,2026-09-30T22:52:21,193844,USD,POSTED
T010559,A0159,C079,M039,Synthetic merchant 039,RETAIL,2026-09-30T18:52:01,196584,COP,POSTED
T010579,A0179,C019,M019,Synthetic merchant 019,RETAIL,2026-09-30T14:51:41,199324,COP,POSTED
T010599,A0199,C039,M039,Synthetic merchant 039,RETAIL,2026-09-30T10:51:21,202064,USD,POSTED
T010619,A0019,C019,M019,Synthetic merchant 019,RETAIL,2026-09-30T06:51:01,204804,COP,CANCELLED
T010639,A0039,C039,M039,Synthetic merchant 039,RETAIL,2026-09-30T02:50:41,207544,COP,POSTED
T010659,A0059,C059,M019,Synthetic merchant 019,RETAIL,2026-09-30T22:50:21,-210284,USD,POSTED
T010679,A0079,C079,M039,Synthetic merchant 039,RETAIL,2026-09-30T18:50:01,213024,COP,POSTED
T010699,A0099,C019,M019,Synthetic merchant 019,RETAIL,2026-09-30T14:49:41,215764,COP,POSTED
T010719,A0119,C039,M039,Synthetic merchant 039,RETAIL,2026-09-30T10:49:21,218504,USD,POSTED
T010739,A0139,C059,M019,Synthetic merchant 019,RETAIL,2026-09-30T06:49:01,221244,COP,POSTED
T010759,A0159,C079,M039,Synthetic merchant 039,RETAIL,2026-09-30T02:48:41,223984,COP,CANCELLED
T010779,A0179,C019,M019,Synthetic merchant 019,RETAIL,2026-09-30T22:48:21,226724,USD,POSTED
T010799,A0199,C039,M039,Synthetic merchant 039,RETAIL,2026-09-30T18:48:01,229464,COP,POSTED
T010819,A0019,C019,,,RETAIL,2026-09-30T14:47:41,232204,COP,POSTED
T010839,A0039,C039,M039,Synthetic merchant 039,RETAIL,2026-09-30T10:47:21,234944,USD,POSTED
T010859,A0059,C059,M019,Synthetic merchant 019,RETAIL,2026-09-30T06:47:01,237684,COP,POSTED
T010879,A0079,C079,M039,Synthetic merchant 039,RETAIL,2026-09-30T02:46:41,240424,COP,POSTED
T010899,A0099,C019,M019,Synthetic merchant 019,RETAIL,2026-09-30T22:46:21,243164,USD,CANCELLED
T010919,A0119,C039,M039,Synthetic merchant 039,RETAIL,2026-09-30T18:46:01,245904,COP,POSTED
T010939,A0139,C059,M019,Synthetic merchant 019,RETAIL,2026-09-30T14:45:41,248644,COP,POSTED
T010959,A0159,C079,M039,Synthetic merchant 039,RETAIL,2026-09-30T10:45:21,1384,USD,POSTED
T010979,A0179,C019,M019,Synthetic merchant 019,RETAIL,2026-09-30T06:45:01,4124,COP,POSTED
T010999,A0199,C039,M039,Synthetic merchant 039,RETAIL,2026-09-30T02:44:41,-6864,COP,POSTED
T011019,A0019,C019,M019,Synthetic merchant 019,RETAIL,2026-09-30T22:44:21,9604,USD,POSTED
T011039,A0039,C039,M039,Synthetic merchant 039,RETAIL,2026-09-30T18:44:01,12344,COP,CANCELLED
T011059,A0059,C059,M019,Synthetic merchant 019,RETAIL,2026-09-30T14:43:41,15084,COP,POSTED
T011079,A0079,C079,M039,Synthetic merchant 039,RETAIL,2026-09-30T10:43:21,17824,USD,POSTED
T011099,A0099,C019,M019,Synthetic merchant 019,RETAIL,2026-09-30T06:43:01,20564,COP,POSTED
T011119,A0119,C039,M039,Synthetic merchant 039,RETAIL,2026-09-30T02:42:41,23304,COP,POSTED
T011139,A0139,C059,M019,Synthetic merchant 019,RETAIL,2026-09-30T22:42:21,26044,USD,POSTED
T011159,A0159,C079,M039,Synthetic merchant 039,RETAIL,2026-09-30T18:42:01,28784,COP,POSTED
T011179,A0179,C019,M019,Synthetic merchant 019,RETAIL,2026-09-30T14:41:41,31524,COP,CANCELLED
T011199,A0199,C039,M039,Synthetic merchant 039,RETAIL,2026-09-30T10:41:21,34264,USD,POSTED
T011219,A0019,C019,M019,Synthetic merchant 019,RETAIL,2026-09-30T06:41:01,37004,COP,POSTED
T011239,A0039,C039,M039,Synthetic merchant 039,RETAIL,2026-09-30T02:40:41,39744,COP,POSTED
T011259,A0059,C059,M019,Synthetic merchant 019,RETAIL,2026-09-30T22:40:21,42484,USD,POSTED
T011279,A0079,C079,M039,Synthetic merchant 039,RETAIL,2026-09-30T18:40:01,45224,COP,POSTED
T011299,A0099,C019,M019,Synthetic merchant 019,RETAIL,2026-09-30T14:39:41,47964,COP,POSTED
T011319,A0119,C039,M039,Synthetic merchant 039,RETAIL,2026-09-30T10:39:21,50704,USD,CANCELLED
T011339,A0139,C059,M019,Synthetic merchant 019,RETAIL,2026-09-30T06:39:01,-53444,COP,POSTED
T011359,A0159,C079,M039,Synthetic merchant 039,RETAIL,2026-09-30T02:38:41,56184,COP,POSTED
T011379,A0179,C019,M019,Synthetic merchant 019,RETAIL,2026-09-30T22:38:21,58924,USD,POSTED
T011399,A0199,C039,M039,Synthetic merchant 039,RETAIL,2026-09-30T18:38:01,61664,COP,POSTED
T011419,A0019,C019,M019,Synthetic merchant 019,RETAIL,2026-09-30T14:37:41,64404,COP,POSTED
T011439,A0039,C039,,,RETAIL,2026-09-30T10:37:21,67144,USD,POSTED
T011459,A0059,C059,M019,Synthetic merchant 019,RETAIL,2026-09-30T06:37:01,69884,COP,CANCELLED
T011479,A0079,C079,M039,Synthetic merchant 039,RETAIL,2026-09-30T02:36:41,72624,COP,POSTED
T011499,A0099,C019,M019,Synthetic merchant 019,RETAIL,2026-09-30T22:36:21,75364,USD,POSTED
T011519,A0119,C039,M039,Synthetic merchant 039,RETAIL,2026-09-30T18:36:01,78104,COP,POSTED
T011539,A0139,C059,M019,Synthetic merchant 019,RETAIL,2026-09-30T14:35:41,80844,COP,POSTED
T011559,A0159,C079,M039,Synthetic merchant 039,RETAIL,2026-09-30T10:35:21,83584,USD,POSTED
T011579,A0179,C019,M019,Synthetic merchant 019,RETAIL,2026-09-30T06:35:01,86324,COP,POSTED
T011599,A0199,C039,M039,Synthetic merchant 039,RETAIL,2026-09-30T02:34:41,89064,COP,CANCELLED
T011619,A0019,C019,M019,Synthetic merchant 019,RETAIL,2026-09-30T22:34:21,91804,USD,POSTED
T011639,A0039,C039,M039,Synthetic merchant 039,RETAIL,2026-09-30T18:34:01,94544,COP,POSTED
T011659,A0059,C059,M019,Synthetic merchant 019,RETAIL,2026-09-30T14:33:41,97284,COP,POSTED
T011679,A0079,C079,M039,Synthetic merchant 039,RETAIL,2026-09-30T10:33:21,-100024,USD,POSTED
T011699,A0099,C019,M019,Synthetic merchant 019,RETAIL,2026-09-30T06:33:01,102764,COP,POSTED
T011719,A0119,C039,M039,Synthetic merchant 039,RETAIL,2026-09-30T02:32:41,105504,COP,POSTED
T011739,A0139,C059,M019,Synthetic merchant 019,RETAIL,2026-09-30T22:32:21,108244,USD,CANCELLED
T011759,A0159,C079,M039,Synthetic merchant 039,RETAIL,2026-09-30T18:32:01,110984,COP,POSTED
T011779,A0179,C019,M019,Synthetic merchant 019,RETAIL,2026-09-30T14:31:41,113724,COP,POSTED
T011799,A0199,C039,M039,Synthetic merchant 039,RETAIL,2026-09-30T10:31:21,116464,USD,POSTED
T011819,A0019,C019,M019,Synthetic merchant 019,RETAIL,2026-09-30T06:31:01,119204,COP,POSTED
T011839,A0039,C039,M039,Synthetic merchant 039,RETAIL,2026-09-30T02:30:41,121944,COP,POSTED
T011859,A0059,C059,M019,Synthetic merchant 019,RETAIL,2026-09-30T22:30:21,124684,USD,POSTED
T011879,A0079,C079,M039,Synthetic merchant 039,RETAIL,2026-09-30T18:30:01,127424,COP,CANCELLED
T011899,A0099,C019,M019,Synthetic merchant 019,RETAIL,2026-09-30T14:29:41,130164,COP,POSTED
T011919,A0119,C039,M039,Synthetic merchant 039,RETAIL,2026-09-30T10:29:21,132904,USD,POSTED
T011939,A0139,C059,M019,Synthetic merchant 019,RETAIL,2026-09-30T06:29:01,135644,COP,POSTED
T011959,A0159,C079,M039,Synthetic merchant 039,RETAIL,2026-09-30T02:28:41,138384,COP,POSTED
T011979,A0179,C019,M019,Synthetic merchant 019,RETAIL,2026-09-30T22:28:21,141124,USD,POSTED
T011999,A0199,C039,M039,Synthetic merchant 039,RETAIL,2026-09-30T18:28:01,143864,COP,POSTED
T012019,A0019,C019,M019,Synthetic merchant 019,RETAIL,2026-09-30T14:27:41,-146604,COP,CANCELLED
T012039,A0039,C039,M039,Synthetic merchant 039,RETAIL,2026-09-30T10:27:21,149344,USD,POSTED
T012059,A0059,C059,,,RETAIL,2026-09-30T06:27:01,152084,COP,POSTED
T012079,A0079,C079,M039,Synthetic merchant 039,RETAIL,2026-09-30T02:26:41,154824,COP,POSTED
T012099,A0099,C019,M019,Synthetic merchant 019,RETAIL,2026-09-30T22:26:21,157564,USD,POSTED
T012119,A0119,C039,M039,Synthetic merchant 039,RETAIL,2026-09-30T18:26:01,160304,COP,POSTED
T012139,A0139,C059,M019,Synthetic merchant 019,RETAIL,2026-09-30T14:25:41,163044,COP,POSTED
T012159,A0159,C079,M039,Synthetic merchant 039,RETAIL,2026-09-30T10:25:21,165784,USD,CANCELLED
T012179,A0179,C019,M019,Synthetic merchant 019,RETAIL,2026-09-30T06:25:01,168524,COP,POSTED
T012199,A0199,C039,M039,Synthetic merchant 039,RETAIL,2026-09-30T02:24:41,171264,COP,POSTED
T012219,A0019,C019,M019,Synthetic merchant 019,RETAIL,2026-09-30T22:24:21,174004,USD,POSTED
T012239,A0039,C039,M039,Synthetic merchant 039,RETAIL,2026-09-30T18:24:01,176744,COP,POSTED
T012259,A0059,C059,M019,Synthetic merchant 019,RETAIL,2026-09-30T14:23:41,179484,COP,POSTED
T012279,A0079,C079,M039,Synthetic merchant 039,RETAIL,2026-09-30T10:23:21,182224,USD,POSTED
T012299,A0099,C019,M019,Synthetic merchant 019,RETAIL,2026-09-30T06:23:01,184964,COP,CANCELLED
T012319,A0119,C039,M039,Synthetic merchant 039,RETAIL,2026-09-30T02:22:41,187704,COP,POSTED
T012339,A0139,C059,M019,Synthetic merchant 019,RETAIL,2026-09-30T22:22:21,190444,USD,POSTED
T012359,A0159,C079,M039,Synthetic merchant 039,RETAIL,2026-09-30T18:22:01,-193184,COP,POSTED
T012379,A0179,C019,M019,Synthetic merchant 019,RETAIL,2026-09-30T14:21:41,195924,COP,POSTED
T012399,A0199,C039,M039,Synthetic merchant 039,RETAIL,2026-09-30T10:21:21,198664,USD,POSTED
T012419,A0019,C019,M019,Synthetic merchant 019,RETAIL,2026-09-30T06:21:01,201404,COP,POSTED
T012439,A0039,C039,M039,Synthetic merchant 039,RETAIL,2026-09-30T02:20:41,204144,COP,CANCELLED
T012459,A0059,C059,M019,Synthetic merchant 019,RETAIL,2026-09-30T22:20:21,206884,USD,POSTED
T012479,A0079,C079,M039,Synthetic merchant 039,RETAIL,2026-09-30T18:20:01,209624,COP,POSTED
T012499,A0099,C019,M019,Synthetic merchant 019,RETAIL,2026-09-30T14:19:41,212364,COP,POSTED
T012519,A0119,C039,M039,Synthetic merchant 039,RETAIL,2026-09-30T10:19:21,215104,USD,POSTED
T012539,A0139,C059,M019,Synthetic merchant 019,RETAIL,2026-09-30T06:19:01,217844,COP,POSTED
T012559,A0159,C079,M039,Synthetic merchant 039,RETAIL,2026-09-30T02:18:41,220584,COP,POSTED
T012579,A0179,C019,M019,Synthetic merchant 019,RETAIL,2026-09-30T22:18:21,223324,USD,CANCELLED
T012599,A0199,C039,M039,Synthetic merchant 039,RETAIL,2026-09-30T18:18:01,226064,COP,POSTED
T012619,A0019,C019,M019,Synthetic merchant 019,RETAIL,2026-09-30T14:17:41,228804,COP,POSTED
T012639,A0039,C039,M039,Synthetic merchant 039,RETAIL,2026-09-30T10:17:21,231544,USD,POSTED
T012659,A0059,C059,M019,Synthetic merchant 019,RETAIL,2026-09-30T06:17:01,234284,COP,POSTED
T012679,A0079,C079,,,RETAIL,2026-09-30T02:16:41,237024,COP,POSTED
T012699,A0099,C019,M019,Synthetic merchant 019,RETAIL,2026-09-30T22:16:21,-239764,USD,POSTED
T012719,A0119,C039,M039,Synthetic merchant 039,RETAIL,2026-09-30T18:16:01,242504,COP,CANCELLED
T012739,A0139,C059,M019,Synthetic merchant 019,RETAIL,2026-09-30T14:15:41,245244,COP,POSTED
T012759,A0159,C079,M039,Synthetic merchant 039,RETAIL,2026-09-30T10:15:21,247984,USD,POSTED
T012779,A0179,C019,M019,Synthetic merchant 019,RETAIL,2026-09-30T06:15:01,724,COP,POSTED
T012799,A0199,C039,M039,Synthetic merchant 039,RETAIL,2026-09-30T02:14:41,3464,COP,POSTED
T012819,A0019,C019,M019,Synthetic merchant 019,RETAIL,2026-09-30T22:14:21,6204,USD,POSTED
T012839,A0039,C039,M039,Synthetic merchant 039,RETAIL,2026-09-30T18:14:01,8944,COP,POSTED
T012859,A0059,C059,M019,Synthetic merchant 019,RETAIL,2026-09-30T14:13:41,11684,COP,CANCELLED
T012879,A0079,C079,M039,Synthetic merchant 039,RETAIL,2026-09-30T10:13:21,14424,USD,POSTED
T012899,A0099,C019,M019,Synthetic merchant 019,RETAIL,2026-09-30T06:13:01,17164,COP,POSTED
T012919,A0119,C039,M039,Synthetic merchant 039,RETAIL,2026-09-30T02:12:41,19904,COP,POSTED
T012939,A0139,C059,M019,Synthetic merchant 019,RETAIL,2026-09-30T22:12:21,22644,USD,POSTED
T012959,A0159,C079,M039,Synthetic merchant 039,RETAIL,2026-09-30T18:12:01,25384,COP,POSTED
T012979,A0179,C019,M019,Synthetic merchant 019,RETAIL,2026-09-30T14:11:41,28124,COP,POSTED
T012999,A0199,C039,M039,Synthetic merchant 039,RETAIL,2026-09-30T10:11:21,30864,USD,CANCELLED
T013019,A0019,C019,M019,Synthetic merchant 019,RETAIL,2026-09-30T06:11:01,33604,COP,POSTED
T013039,A0039,C039,M039,Synthetic merchant 039,RETAIL,2026-09-30T02:10:41,-36344,COP,POSTED
T013059,A0059,C059,M019,Synthetic merchant 019,RETAIL,2026-09-30T22:10:21,39084,USD,POSTED
T013079,A0079,C079,M039,Synthetic merchant 039,RETAIL,2026-09-30T18:10:01,41824,COP,POSTED
T013099,A0099,C019,M019,Synthetic merchant 019,RETAIL,2026-09-30T14:09:41,44564,COP,POSTED
T013119,A0119,C039,M039,Synthetic merchant 039,RETAIL,2026-09-30T10:09:21,47304,USD,POSTED
T013139,A0139,C059,M019,Synthetic merchant 019,RETAIL,2026-09-30T06:09:01,50044,COP,CANCELLED
T013159,A0159,C079,M039,Synthetic merchant 039,RETAIL,2026-09-30T02:08:41,52784,COP,POSTED
T013179,A0179,C019,M019,Synthetic merchant 019,RETAIL,2026-09-30T22:08:21,55524,USD,POSTED
T013199,A0199,C039,M039,Synthetic merchant 039,RETAIL,2026-09-30T18:08:01,58264,COP,POSTED
T013219,A0019,C019,M019,Synthetic merchant 019,RETAIL,2026-09-30T14:07:41,61004,COP,POSTED
T013239,A0039,C039,M039,Synthetic merchant 039,RETAIL,2026-09-30T10:07:21,63744,USD,POSTED
T013259,A0059,C059,M019,Synthetic merchant 019,RETAIL,2026-09-30T06:07:01,66484,COP,POSTED
T013279,A0079,C079,M039,Synthetic merchant 039,RETAIL,2026-09-30T02:06:41,69224,COP,CANCELLED
T013299,A0099,C019,,,RETAIL,2026-09-30T22:06:21,71964,USD,POSTED
T013319,A0119,C039,M039,Synthetic merchant 039,RETAIL,2026-09-30T18:06:01,74704,COP,POSTED
T013339,A0139,C059,M019,Synthetic merchant 019,RETAIL,2026-09-30T14:05:41,77444,COP,POSTED
T013359,A0159,C079,M039,Synthetic merchant 039,RETAIL,2026-09-30T10:05:21,80184,USD,POSTED
T013379,A0179,C019,M019,Synthetic merchant 019,RETAIL,2026-09-30T06:05:01,-82924,COP,POSTED
T013399,A0199,C039,M039,Synthetic merchant 039,RETAIL,2026-09-30T02:04:41,85664,COP,POSTED
T013419,A0019,C019,M019,Synthetic merchant 019,RETAIL,2026-09-30T22:04:21,88404,USD,CANCELLED
T013439,A0039,C039,M039,Synthetic merchant 039,RETAIL,2026-09-30T18:04:01,91144,COP,POSTED
T013459,A0059,C059,M019,Synthetic merchant 019,RETAIL,2026-09-30T14:03:41,93884,COP,POSTED
T013479,A0079,C079,M039,Synthetic merchant 039,RETAIL,2026-09-30T10:03:21,96624,USD,POSTED
T013499,A0099,C019,M019,Synthetic merchant 019,RETAIL,2026-09-30T06:03:01,99364,COP,POSTED
T013519,A0119,C039,M039,Synthetic merchant 039,RETAIL,2026-09-30T02:02:41,102104,COP,POSTED
T013539,A0139,C059,M019,Synthetic merchant 019,RETAIL,2026-09-30T22:02:21,104844,USD,POSTED
T013559,A0159,C079,M039,Synthetic merchant 039,RETAIL,2026-09-30T18:02:01,107584,COP,CANCELLED
T013579,A0179,C019,M019,Synthetic merchant 019,RETAIL,2026-09-30T14:01:41,110324,COP,POSTED
T013599,A0199,C039,M039,Synthetic merchant 039,RETAIL,2026-09-30T10:01:21,113064,USD,POSTED
T013619,A0019,C019,M019,Synthetic merchant 019,RETAIL,2026-09-30T06:01:01,115804,COP,POSTED
T013639,A0039,C039,M039,Synthetic merchant 039,RETAIL,2026-09-30T02:00:41,118544,COP,POSTED
T013659,A0059,C059,M019,Synthetic merchant 019,RETAIL,2026-09-30T22:00:21,121284,USD,POSTED
T013679,A0079,C079,M039,Synthetic merchant 039,RETAIL,2026-09-30T18:00:01,124024,COP,POSTED
T013699,A0099,C019,M019,Synthetic merchant 019,RETAIL,2026-09-30T13:59:41,126764,COP,CANCELLED
T013719,A0119,C039,M039,Synthetic merchant 039,RETAIL,2026-09-30T09:59:21,-129504,USD,POSTED
T013739,A0139,C059,M019,Synthetic merchant 019,RETAIL,2026-09-30T05:59:01,132244,COP,POSTED
T013759,A0159,C079,M039,Synthetic merchant 039,RETAIL,2026-09-30T01:58:41,134984,COP,POSTED
T013779,A0179,C019,M019,Synthetic merchant 019,RETAIL,2026-09-30T21:58:21,137724,USD,POSTED
T013799,A0199,C039,M039,Synthetic merchant 039,RETAIL,2026-09-30T17:58:01,140464,COP,POSTED
T013819,A0019,C019,M019,Synthetic merchant 019,RETAIL,2026-09-30T13:57:41,143204,COP,POSTED
T013839,A0039,C039,M039,Synthetic merchant 039,RETAIL,2026-09-30T09:57:21,145944,USD,CANCELLED
T013859,A0059,C059,M019,Synthetic merchant 019,RETAIL,2026-09-30T05:57:01,148684,COP,POSTED
T013879,A0079,C079,M039,Synthetic merchant 039,RETAIL,2026-09-30T01:56:41,151424,COP,POSTED
T013899,A0099,C019,M019,Synthetic merchant 019,RETAIL,2026-09-30T21:56:21,154164,USD,POSTED
T013919,A0119,C039,,,RETAIL,2026-09-30T17:56:01,156904,COP,POSTED
T013939,A0139,C059,M019,Synthetic merchant 019,RETAIL,2026-09-30T13:55:41,159644,COP,POSTED
T013959,A0159,C079,M039,Synthetic merchant 039,RETAIL,2026-09-30T09:55:21,162384,USD,POSTED
T013979,A0179,C019,M019,Synthetic merchant 019,RETAIL,2026-09-30T05:55:01,165124,COP,CANCELLED
T013999,A0199,C039,M039,Synthetic merchant 039,RETAIL,2026-09-30T01:54:41,167864,COP,POSTED
T014019,A0019,C019,M019,Synthetic merchant 019,RETAIL,2026-09-30T21:54:21,170604,USD,POSTED
T014039,A0039,C039,M039,Synthetic merchant 039,RETAIL,2026-09-30T17:54:01,173344,COP,POSTED
T014059,A0059,C059,M019,Synthetic merchant 019,RETAIL,2026-09-30T13:53:41,-176084,COP,POSTED
T014079,A0079,C079,M039,Synthetic merchant 039,RETAIL,2026-09-30T09:53:21,178824,USD,POSTED
T014099,A0099,C019,M019,Synthetic merchant 019,RETAIL,2026-09-30T05:53:01,181564,COP,POSTED
T014119,A0119,C039,M039,Synthetic merchant 039,RETAIL,2026-09-30T01:52:41,184304,COP,CANCELLED
T014139,A0139,C059,M019,Synthetic merchant 019,RETAIL,2026-09-30T21:52:21,187044,USD,POSTED
T014159,A0159,C079,M039,Synthetic merchant 039,RETAIL,2026-09-30T17:52:01,189784,COP,POSTED
T014179,A0179,C019,M019,Synthetic merchant 019,RETAIL,2026-09-30T13:51:41,192524,COP,POSTED
T014199,A0199,C039,M039,Synthetic merchant 039,RETAIL,2026-09-30T09:51:21,195264,USD,POSTED
T014219,A0019,C019,M019,Synthetic merchant 019,RETAIL,2026-09-30T05:51:01,198004,COP,POSTED
T014239,A0039,C039,M039,Synthetic merchant 039,RETAIL,2026-09-30T01:50:41,200744,COP,POSTED
T014259,A0059,C059,M019,Synthetic merchant 019,RETAIL,2026-09-30T21:50:21,203484,USD,CANCELLED
T014279,A0079,C079,M039,Synthetic merchant 039,RETAIL,2026-09-30T17:50:01,206224,COP,POSTED
T014299,A0099,C019,M019,Synthetic merchant 019,RETAIL,2026-09-30T13:49:41,208964,COP,POSTED
T014319,A0119,C039,M039,Synthetic merchant 039,RETAIL,2026-09-30T09:49:21,211704,USD,POSTED
T014339,A0139,C059,M019,Synthetic merchant 019,RETAIL,2026-09-30T05:49:01,214444,COP,POSTED
T014359,A0159,C079,M039,Synthetic merchant 039,RETAIL,2026-09-30T01:48:41,217184,COP,POSTED
T014379,A0179,C019,M019,Synthetic merchant 019,RETAIL,2026-09-30T21:48:21,219924,USD,POSTED
T014399,A0199,C039,M039,Synthetic merchant 039,RETAIL,2026-09-30T17:48:01,-222664,COP,CANCELLED
T014419,A0019,C019,M019,Synthetic merchant 019,RETAIL,2026-09-30T13:47:41,225404,COP,POSTED
T014439,A0039,C039,M039,Synthetic merchant 039,RETAIL,2026-09-30T09:47:21,228144,USD,POSTED
T014459,A0059,C059,M019,Synthetic merchant 019,RETAIL,2026-09-30T05:47:01,230884,COP,POSTED
T014479,A0079,C079,M039,Synthetic merchant 039,RETAIL,2026-09-30T01:46:41,233624,COP,POSTED
T014499,A0099,C019,M019,Synthetic merchant 019,RETAIL,2026-09-30T21:46:21,236364,USD,POSTED
T014519,A0119,C039,M039,Synthetic merchant 039,RETAIL,2026-09-30T17:46:01,239104,COP,POSTED
T014539,A0139,C059,,,RETAIL,2026-09-30T13:45:41,241844,COP,CANCELLED
T014559,A0159,C079,M039,Synthetic merchant 039,RETAIL,2026-09-30T09:45:21,244584,USD,POSTED
T014579,A0179,C019,M019,Synthetic merchant 019,RETAIL,2026-09-30T05:45:01,247324,COP,POSTED
T014599,A0199,C039,M039,Synthetic merchant 039,RETAIL,2026-09-30T01:44:41,64,COP,POSTED
T014619,A0019,C019,M019,Synthetic merchant 019,RETAIL,2026-09-30T21:44:21,2804,USD,POSTED
T014639,A0039,C039,M039,Synthetic merchant 039,RETAIL,2026-09-30T17:44:01,5544,COP,POSTED
T014659,A0059,C059,M019,Synthetic merchant 019,RETAIL,2026-09-30T13:43:41,8284,COP,POSTED
T014679,A0079,C079,M039,Synthetic merchant 039,RETAIL,2026-09-30T09:43:21,11024,USD,CANCELLED
T014699,A0099,C019,M019,Synthetic merchant 019,RETAIL,2026-09-30T05:43:01,13764,COP,POSTED
T014719,A0119,C039,M039,Synthetic merchant 039,RETAIL,2026-09-30T01:42:41,16504,COP,POSTED
T014739,A0139,C059,M019,Synthetic merchant 019,RETAIL,2026-09-30T21:42:21,-19244,USD,POSTED
T014759,A0159,C079,M039,Synthetic merchant 039,RETAIL,2026-09-30T17:42:01,21984,COP,POSTED
T014779,A0179,C019,M019,Synthetic merchant 019,RETAIL,2026-09-30T13:41:41,24724,COP,POSTED
T014799,A0199,C039,M039,Synthetic merchant 039,RETAIL,2026-09-30T09:41:21,27464,USD,POSTED
T014819,A0019,C019,M019,Synthetic merchant 019,RETAIL,2026-09-30T05:41:01,30204,COP,CANCELLED
T014839,A0039,C039,M039,Synthetic merchant 039,RETAIL,2026-09-30T01:40:41,32944,COP,POSTED
T014859,A0059,C059,M019,Synthetic merchant 019,RETAIL,2026-09-30T21:40:21,35684,USD,POSTED
T014879,A0079,C079,M039,Synthetic merchant 039,RETAIL,2026-09-30T17:40:01,38424,COP,POSTED
T014899,A0099,C019,M019,Synthetic merchant 019,RETAIL,2026-09-30T13:39:41,41164,COP,POSTED
T014919,A0119,C039,M039,Synthetic merchant 039,RETAIL,2026-09-30T09:39:21,43904,USD,POSTED
T014939,A0139,C059,M019,Synthetic merchant 019,RETAIL,2026-09-30T05:39:01,46644,COP,POSTED
T014959,A0159,C079,M039,Synthetic merchant 039,RETAIL,2026-09-30T01:38:41,49384,COP,CANCELLED
T014979,A0179,C019,M019,Synthetic merchant 019,RETAIL,2026-09-30T21:38:21,52124,USD,POSTED
T014999,A0199,C039,M039,Synthetic merchant 039,RETAIL,2026-09-30T17:38:01,54864,COP,POSTED
T015019,A0019,C019,M019,Synthetic merchant 019,RETAIL,2026-09-30T13:37:41,57604,COP,POSTED
T015039,A0039,C039,M039,Synthetic merchant 039,RETAIL,2026-09-30T09:37:21,60344,USD,POSTED
T015059,A0059,C059,M019,Synthetic merchant 019,RETAIL,2026-09-30T05:37:01,63084,COP,POSTED
T015079,A0079,C079,M039,Synthetic merchant 039,RETAIL,2026-09-30T01:36:41,-65824,COP,POSTED
T015099,A0099,C019,M019,Synthetic merchant 019,RETAIL,2026-09-30T21:36:21,68564,USD,CANCELLED
T015119,A0119,C039,M039,Synthetic merchant 039,RETAIL,2026-09-30T17:36:01,71304,COP,POSTED
T015139,A0139,C059,M019,Synthetic merchant 019,RETAIL,2026-09-30T13:35:41,74044,COP,POSTED
T015159,A0159,C079,,,RETAIL,2026-09-30T09:35:21,76784,USD,POSTED
T015179,A0179,C019,M019,Synthetic merchant 019,RETAIL,2026-09-30T05:35:01,79524,COP,POSTED
T015199,A0199,C039,M039,Synthetic merchant 039,RETAIL,2026-09-30T01:34:41,82264,COP,POSTED
T015219,A0019,C019,M019,Synthetic merchant 019,RETAIL,2026-09-30T21:34:21,85004,USD,POSTED
T015239,A0039,C039,M039,Synthetic merchant 039,RETAIL,2026-09-30T17:34:01,87744,COP,CANCELLED
T015259,A0059,C059,M019,Synthetic merchant 019,RETAIL,2026-09-30T13:33:41,90484,COP,POSTED
T015279,A0079,C079,M039,Synthetic merchant 039,RETAIL,2026-09-30T09:33:21,93224,USD,POSTED
T015299,A0099,C019,M019,Synthetic merchant 019,RETAIL,2026-09-30T05:33:01,95964,COP,POSTED
T015319,A0119,C039,M039,Synthetic merchant 039,RETAIL,2026-09-30T01:32:41,98704,COP,POSTED
T015339,A0139,C059,M019,Synthetic merchant 019,RETAIL,2026-09-30T21:32:21,101444,USD,POSTED
T015359,A0159,C079,M039,Synthetic merchant 039,RETAIL,2026-09-30T17:32:01,104184,COP,POSTED
T015379,A0179,C019,M019,Synthetic merchant 019,RETAIL,2026-09-30T13:31:41,106924,COP,CANCELLED
T015399,A0199,C039,M039,Synthetic merchant 039,RETAIL,2026-09-30T09:31:21,109664,USD,POSTED
T015419,A0019,C019,M019,Synthetic merchant 019,RETAIL,2026-09-30T05:31:01,-112404,COP,POSTED
T015439,A0039,C039,M039,Synthetic merchant 039,RETAIL,2026-09-30T01:30:41,115144,COP,POSTED
T015459,A0059,C059,M019,Synthetic merchant 019,RETAIL,2026-09-30T21:30:21,117884,USD,POSTED
T015479,A0079,C079,M039,Synthetic merchant 039,RETAIL,2026-09-30T17:30:01,120624,COP,POSTED
T015499,A0099,C019,M019,Synthetic merchant 019,RETAIL,2026-09-30T13:29:41,123364,COP,POSTED
T015519,A0119,C039,M039,Synthetic merchant 039,RETAIL,2026-09-30T09:29:21,126104,USD,CANCELLED
T015539,A0139,C059,M019,Synthetic merchant 019,RETAIL,2026-09-30T05:29:01,128844,COP,POSTED
T015559,A0159,C079,M039,Synthetic merchant 039,RETAIL,2026-09-30T01:28:41,131584,COP,POSTED
T015579,A0179,C019,M019,Synthetic merchant 019,RETAIL,2026-09-30T21:28:21,134324,USD,POSTED
T015599,A0199,C039,M039,Synthetic merchant 039,RETAIL,2026-09-30T17:28:01,137064,COP,POSTED
T015619,A0019,C019,M019,Synthetic merchant 019,RETAIL,2026-09-30T13:27:41,139804,COP,POSTED
T015639,A0039,C039,M039,Synthetic merchant 039,RETAIL,2026-09-30T09:27:21,142544,USD,POSTED
T015659,A0059,C059,M019,Synthetic merchant 019,RETAIL,2026-09-30T05:27:01,145284,COP,CANCELLED
T015679,A0079,C079,M039,Synthetic merchant 039,RETAIL,2026-09-30T01:26:41,148024,COP,POSTED
T015699,A0099,C019,M019,Synthetic merchant 019,RETAIL,2026-09-30T21:26:21,150764,USD,POSTED
T015719,A0119,C039,M039,Synthetic merchant 039,RETAIL,2026-09-30T17:26:01,153504,COP,POSTED
T015739,A0139,C059,M019,Synthetic merchant 019,RETAIL,2026-09-30T13:25:41,156244,COP,POSTED
T015759,A0159,C079,M039,Synthetic merchant 039,RETAIL,2026-09-30T09:25:21,-158984,USD,POSTED
T015779,A0179,C019,,,RETAIL,2026-09-30T05:25:01,161724,COP,POSTED
T015799,A0199,C039,M039,Synthetic merchant 039,RETAIL,2026-09-30T01:24:41,164464,COP,CANCELLED
T015819,A0019,C019,M019,Synthetic merchant 019,RETAIL,2026-09-30T21:24:21,167204,USD,POSTED
T015839,A0039,C039,M039,Synthetic merchant 039,RETAIL,2026-09-30T17:24:01,169944,COP,POSTED
T015859,A0059,C059,M019,Synthetic merchant 019,RETAIL,2026-09-30T13:23:41,172684,COP,POSTED
T015879,A0079,C079,M039,Synthetic merchant 039,RETAIL,2026-09-30T09:23:21,175424,USD,POSTED
T015899,A0099,C019,M019,Synthetic merchant 019,RETAIL,2026-09-30T05:23:01,178164,COP,POSTED
T015919,A0119,C039,M039,Synthetic merchant 039,RETAIL,2026-09-30T01:22:41,180904,COP,POSTED
T015939,A0139,C059,M019,Synthetic merchant 019,RETAIL,2026-09-30T21:22:21,183644,USD,CANCELLED
T015959,A0159,C079,M039,Synthetic merchant 039,RETAIL,2026-09-30T17:22:01,186384,COP,POSTED
T015979,A0179,C019,M019,Synthetic merchant 019,RETAIL,2026-09-30T13:21:41,189124,COP,POSTED
T015999,A0199,C039,M039,Synthetic merchant 039,RETAIL,2026-09-30T09:21:21,191864,USD,POSTED
T016019,A0019,C019,M019,Synthetic merchant 019,RETAIL,2026-09-30T05:21:01,194604,COP,POSTED
T016039,A0039,C039,M039,Synthetic merchant 039,RETAIL,2026-09-30T01:20:41,197344,COP,POSTED
T016059,A0059,C059,M019,Synthetic merchant 019,RETAIL,2026-09-30T21:20:21,200084,USD,POSTED
T016079,A0079,C079,M039,Synthetic merchant 039,RETAIL,2026-09-30T17:20:01,202824,COP,CANCELLED
T016099,A0099,C019,M019,Synthetic merchant 019,RETAIL,2026-09-30T13:19:41,-205564,COP,POSTED
T016119,A0119,C039,M039,Synthetic merchant 039,RETAIL,2026-09-30T09:19:21,208304,USD,POSTED
T016139,A0139,C059,M019,Synthetic merchant 019,RETAIL,2026-09-30T05:19:01,211044,COP,POSTED
T016159,A0159,C079,M039,Synthetic merchant 039,RETAIL,2026-09-30T01:18:41,213784,COP,POSTED
T016179,A0179,C019,M019,Synthetic merchant 019,RETAIL,2026-09-30T21:18:21,216524,USD,POSTED
T016199,A0199,C039,M039,Synthetic merchant 039,RETAIL,2026-09-30T17:18:01,219264,COP,POSTED
T016219,A0019,C019,M019,Synthetic merchant 019,RETAIL,2026-09-30T13:17:41,222004,COP,CANCELLED
T016239,A0039,C039,M039,Synthetic merchant 039,RETAIL,2026-09-30T09:17:21,224744,USD,POSTED
T016259,A0059,C059,M019,Synthetic merchant 019,RETAIL,2026-09-30T05:17:01,227484,COP,POSTED
T016279,A0079,C079,M039,Synthetic merchant 039,RETAIL,2026-09-30T01:16:41,230224,COP,POSTED
T016299,A0099,C019,M019,Synthetic merchant 019,RETAIL,2026-09-30T21:16:21,232964,USD,POSTED
T016319,A0119,C039,M039,Synthetic merchant 039,RETAIL,2026-09-30T17:16:01,235704,COP,POSTED
T016339,A0139,C059,M019,Synthetic merchant 019,RETAIL,2026-09-30T13:15:41,238444,COP,POSTED
T016359,A0159,C079,M039,Synthetic merchant 039,RETAIL,2026-09-30T09:15:21,241184,USD,CANCELLED
T016379,A0179,C019,M019,Synthetic merchant 019,RETAIL,2026-09-30T05:15:01,243924,COP,POSTED
T016399,A0199,C039,,,RETAIL,2026-09-30T01:14:41,246664,COP,POSTED
T016419,A0019,C019,M019,Synthetic merchant 019,RETAIL,2026-09-30T21:14:21,249404,USD,POSTED
T016439,A0039,C039,M039,Synthetic merchant 039,RETAIL,2026-09-30T17:14:01,-2144,COP,POSTED
T016459,A0059,C059,M019,Synthetic merchant 019,RETAIL,2026-09-30T13:13:41,4884,COP,POSTED
T016479,A0079,C079,M039,Synthetic merchant 039,RETAIL,2026-09-30T09:13:21,7624,USD,POSTED
T016499,A0099,C019,M019,Synthetic merchant 019,RETAIL,2026-09-30T05:13:01,10364,COP,CANCELLED
T016519,A0119,C039,M039,Synthetic merchant 039,RETAIL,2026-09-30T01:12:41,13104,COP,POSTED
T016539,A0139,C059,M019,Synthetic merchant 019,RETAIL,2026-09-30T21:12:21,15844,USD,POSTED
T016559,A0159,C079,M039,Synthetic merchant 039,RETAIL,2026-09-30T17:12:01,18584,COP,POSTED
T016579,A0179,C019,M019,Synthetic merchant 019,RETAIL,2026-09-30T13:11:41,21324,COP,POSTED
T016599,A0199,C039,M039,Synthetic merchant 039,RETAIL,2026-09-30T09:11:21,24064,USD,POSTED
T016619,A0019,C019,M019,Synthetic merchant 019,RETAIL,2026-09-30T05:11:01,26804,COP,POSTED
T016639,A0039,C039,M039,Synthetic merchant 039,RETAIL,2026-09-30T01:10:41,29544,COP,CANCELLED
T016659,A0059,C059,M019,Synthetic merchant 019,RETAIL,2026-09-30T21:10:21,32284,USD,POSTED
T016679,A0079,C079,M039,Synthetic merchant 039,RETAIL,2026-09-30T17:10:01,35024,COP,POSTED
T016699,A0099,C019,M019,Synthetic merchant 019,RETAIL,2026-09-30T13:09:41,37764,COP,POSTED
T016719,A0119,C039,M039,Synthetic merchant 039,RETAIL,2026-09-30T09:09:21,40504,USD,POSTED
T016739,A0139,C059,M019,Synthetic merchant 019,RETAIL,2026-09-30T05:09:01,43244,COP,POSTED
T016759,A0159,C079,M039,Synthetic merchant 039,RETAIL,2026-09-30T01:08:41,45984,COP,POSTED
T016779,A0179,C019,M019,Synthetic merchant 019,RETAIL,2026-09-30T21:08:21,-48724,USD,CANCELLED
T016799,A0199,C039,M039,Synthetic merchant 039,RETAIL,2026-09-30T17:08:01,51464,COP,POSTED
T016819,A0019,C019,M019,Synthetic merchant 019,RETAIL,2026-09-30T13:07:41,54204,COP,POSTED
T016839,A0039,C039,M039,Synthetic merchant 039,RETAIL,2026-09-30T09:07:21,56944,USD,POSTED
T016859,A0059,C059,M019,Synthetic merchant 019,RETAIL,2026-09-30T05:07:01,59684,COP,POSTED
T016879,A0079,C079,M039,Synthetic merchant 039,RETAIL,2026-09-30T01:06:41,62424,COP,POSTED
T016899,A0099,C019,M019,Synthetic merchant 019,RETAIL,2026-09-30T21:06:21,65164,USD,POSTED
T016919,A0119,C039,M039,Synthetic merchant 039,RETAIL,2026-09-30T17:06:01,67904,COP,CANCELLED
T016939,A0139,C059,M019,Synthetic merchant 019,RETAIL,2026-09-30T13:05:41,70644,COP,POSTED
T016959,A0159,C079,M039,Synthetic merchant 039,RETAIL,2026-09-30T09:05:21,73384,USD,POSTED
T016979,A0179,C019,M019,Synthetic merchant 019,RETAIL,2026-09-30T05:05:01,76124,COP,POSTED
T016999,A0199,C039,M039,Synthetic merchant 039,RETAIL,2026-09-30T01:04:41,78864,COP,POSTED
T017019,A0019,C019,,,RETAIL,2026-09-30T21:04:21,81604,USD,POSTED
T017039,A0039,C039,M039,Synthetic merchant 039,RETAIL,2026-09-30T17:04:01,84344,COP,POSTED
T017059,A0059,C059,M019,Synthetic merchant 019,RETAIL,2026-09-30T13:03:41,87084,COP,CANCELLED
T017079,A0079,C079,M039,Synthetic merchant 039,RETAIL,2026-09-30T09:03:21,89824,USD,POSTED
T017099,A0099,C019,M019,Synthetic merchant 019,RETAIL,2026-09-30T05:03:01,92564,COP,POSTED
T017119,A0119,C039,M039,Synthetic merchant 039,RETAIL,2026-09-30T01:02:41,-95304,COP,POSTED
T017139,A0139,C059,M019,Synthetic merchant 019,RETAIL,2026-09-30T21:02:21,98044,USD,POSTED
T017159,A0159,C079,M039,Synthetic merchant 039,RETAIL,2026-09-30T17:02:01,100784,COP,POSTED
T017179,A0179,C019,M019,Synthetic merchant 019,RETAIL,2026-09-30T13:01:41,103524,COP,POSTED
T017199,A0199,C039,M039,Synthetic merchant 039,RETAIL,2026-09-30T09:01:21,106264,USD,CANCELLED
T017219,A0019,C019,M019,Synthetic merchant 019,RETAIL,2026-09-30T05:01:01,109004,COP,POSTED
T017239,A0039,C039,M039,Synthetic merchant 039,RETAIL,2026-09-30T01:00:41,111744,COP,POSTED
T017259,A0059,C059,M019,Synthetic merchant 019,RETAIL,2026-09-30T21:00:21,114484,USD,POSTED
T017279,A0079,C079,M039,Synthetic merchant 039,RETAIL,2026-09-30T17:00:01,117224,COP,POSTED
T017299,A0099,C019,M019,Synthetic merchant 019,RETAIL,2026-09-30T12:59:41,119964,COP,POSTED
T017319,A0119,C039,M039,Synthetic merchant 039,RETAIL,2026-09-30T08:59:21,122704,USD,POSTED
T017339,A0139,C059,M019,Synthetic merchant 019,RETAIL,2026-09-30T04:59:01,125444,COP,CANCELLED
T017359,A0159,C079,M039,Synthetic merchant 039,RETAIL,2026-09-30T00:58:41,128184,COP,POSTED
T017379,A0179,C019,M019,Synthetic merchant 019,RETAIL,2026-09-30T20:58:21,130924,USD,POSTED
T017399,A0199,C039,M039,Synthetic merchant 039,RETAIL,2026-09-30T16:58:01,133664,COP,POSTED
T017419,A0019,C019,M019,Synthetic merchant 019,RETAIL,2026-09-30T12:57:41,136404,COP,POSTED
T017439,A0039,C039,M039,Synthetic merchant 039,RETAIL,2026-09-30T08:57:21,139144,USD,POSTED
T017459,A0059,C059,M019,Synthetic merchant 019,RETAIL,2026-09-30T04:57:01,-141884,COP,POSTED
T017479,A0079,C079,M039,Synthetic merchant 039,RETAIL,2026-09-30T00:56:41,144624,COP,CANCELLED
T017499,A0099,C019,M019,Synthetic merchant 019,RETAIL,2026-09-30T20:56:21,147364,USD,POSTED
T017519,A0119,C039,M039,Synthetic merchant 039,RETAIL,2026-09-30T16:56:01,150104,COP,POSTED
T017539,A0139,C059,M019,Synthetic merchant 019,RETAIL,2026-09-30T12:55:41,152844,COP,POSTED
T017559,A0159,C079,M039,Synthetic merchant 039,RETAIL,2026-09-30T08:55:21,155584,USD,POSTED
T017579,A0179,C019,M019,Synthetic merchant 019,RETAIL,2026-09-30T04:55:01,158324,COP,POSTED
T017599,A0199,C039,M039,Synthetic merchant 039,RETAIL,2026-09-30T00:54:41,161064,COP,POSTED
T017619,A0019,C019,M019,Synthetic merchant 019,RETAIL,2026-09-30T20:54:21,163804,USD,CANCELLED
T017639,A0039,C039,,,RETAIL,2026-09-30T16:54:01,166544,COP,POSTED
T017659,A0059,C059,M019,Synthetic merchant 019,RETAIL,2026-09-30T12:53:41,169284,COP,POSTED
T017679,A0079,C079,M039,Synthetic merchant 039,RETAIL,2026-09-30T08:53:21,172024,USD,POSTED
T017699,A0099,C019,M019,Synthetic merchant 019,RETAIL,2026-09-30T04:53:01,174764,COP,POSTED
T017719,A0119,C039,M039,Synthetic merchant 039,RETAIL,2026-09-30T00:52:41,177504,COP,POSTED
T017739,A0139,C059,M019,Synthetic merchant 019,RETAIL,2026-09-30T20:52:21,180244,USD,POSTED
T017759,A0159,C079,M039,Synthetic merchant 039,RETAIL,2026-09-30T16:52:01,182984,COP,CANCELLED
T017779,A0179,C019,M019,Synthetic merchant 019,RETAIL,2026-09-30T12:51:41,185724,COP,POSTED
T017799,A0199,C039,M039,Synthetic merchant 039,RETAIL,2026-09-30T08:51:21,-188464,USD,POSTED
T017819,A0019,C019,M019,Synthetic merchant 019,RETAIL,2026-09-30T04:51:01,191204,COP,POSTED
T017839,A0039,C039,M039,Synthetic merchant 039,RETAIL,2026-09-30T00:50:41,193944,COP,POSTED
T017859,A0059,C059,M019,Synthetic merchant 019,RETAIL,2026-09-30T20:50:21,196684,USD,POSTED
T017879,A0079,C079,M039,Synthetic merchant 039,RETAIL,2026-09-30T16:50:01,199424,COP,POSTED
T017899,A0099,C019,M019,Synthetic merchant 019,RETAIL,2026-09-30T12:49:41,202164,COP,CANCELLED
T017919,A0119,C039,M039,Synthetic merchant 039,RETAIL,2026-09-30T08:49:21,204904,USD,POSTED
T017939,A0139,C059,M019,Synthetic merchant 019,RETAIL,2026-09-30T04:49:01,207644,COP,POSTED
T017959,A0159,C079,M039,Synthetic merchant 039,RETAIL,2026-09-30T00:48:41,210384,COP,POSTED
T017979,A0179,C019,M019,Synthetic merchant 019,RETAIL,2026-09-30T20:48:21,213124,USD,POSTED
T017999,A0199,C039,M039,Synthetic merchant 039,RETAIL,2026-09-30T16:48:01,215864,COP,POSTED
T018019,A0019,C019,M019,Synthetic merchant 019,RETAIL,2026-09-30T12:47:41,218604,COP,POSTED
T018039,A0039,C039,M039,Synthetic merchant 039,RETAIL,2026-09-30T08:47:21,221344,USD,CANCELLED
T018059,A0059,C059,M019,Synthetic merchant 019,RETAIL,2026-09-30T04:47:01,224084,COP,POSTED
T018079,A0079,C079,M039,Synthetic merchant 039,RETAIL,2026-09-30T00:46:41,226824,COP,POSTED
T018099,A0099,C019,M019,Synthetic merchant 019,RETAIL,2026-09-30T20:46:21,229564,USD,POSTED
T018119,A0119,C039,M039,Synthetic merchant 039,RETAIL,2026-09-30T16:46:01,232304,COP,POSTED
T018139,A0139,C059,M019,Synthetic merchant 019,RETAIL,2026-09-30T12:45:41,-235044,COP,POSTED
T018159,A0159,C079,M039,Synthetic merchant 039,RETAIL,2026-09-30T08:45:21,237784,USD,POSTED
T018179,A0179,C019,M019,Synthetic merchant 019,RETAIL,2026-09-30T04:45:01,240524,COP,CANCELLED
T018199,A0199,C039,M039,Synthetic merchant 039,RETAIL,2026-09-30T00:44:41,243264,COP,POSTED
T018219,A0019,C019,M019,Synthetic merchant 019,RETAIL,2026-09-30T20:44:21,246004,USD,POSTED
T018239,A0039,C039,M039,Synthetic merchant 039,RETAIL,2026-09-30T16:44:01,248744,COP,POSTED
T018259,A0059,C059,,,RETAIL,2026-09-30T12:43:41,1484,COP,POSTED
T018279,A0079,C079,M039,Synthetic merchant 039,RETAIL,2026-09-30T08:43:21,4224,USD,POSTED
T018299,A0099,C019,M019,Synthetic merchant 019,RETAIL,2026-09-30T04:43:01,6964,COP,POSTED
T018319,A0119,C039,M039,Synthetic merchant 039,RETAIL,2026-09-30T00:42:41,9704,COP,CANCELLED
T018339,A0139,C059,M019,Synthetic merchant 019,RETAIL,2026-09-30T20:42:21,12444,USD,POSTED
T018359,A0159,C079,M039,Synthetic merchant 039,RETAIL,2026-09-30T16:42:01,15184,COP,POSTED
T018379,A0179,C019,M019,Synthetic merchant 019,RETAIL,2026-09-30T12:41:41,17924,COP,POSTED
T018399,A0199,C039,M039,Synthetic merchant 039,RETAIL,2026-09-30T08:41:21,20664,USD,POSTED
T018419,A0019,C019,M019,Synthetic merchant 019,RETAIL,2026-09-30T04:41:01,23404,COP,POSTED
T018439,A0039,C039,M039,Synthetic merchant 039,RETAIL,2026-09-30T00:40:41,26144,COP,POSTED
T018459,A0059,C059,M019,Synthetic merchant 019,RETAIL,2026-09-30T20:40:21,28884,USD,CANCELLED
T018479,A0079,C079,M039,Synthetic merchant 039,RETAIL,2026-09-30T16:40:01,-31624,COP,POSTED
T018499,A0099,C019,M019,Synthetic merchant 019,RETAIL,2026-09-30T12:39:41,34364,COP,POSTED
T018519,A0119,C039,M039,Synthetic merchant 039,RETAIL,2026-09-30T08:39:21,37104,USD,POSTED
T018539,A0139,C059,M019,Synthetic merchant 019,RETAIL,2026-09-30T04:39:01,39844,COP,POSTED
T018559,A0159,C079,M039,Synthetic merchant 039,RETAIL,2026-09-30T00:38:41,42584,COP,POSTED
T018579,A0179,C019,M019,Synthetic merchant 019,RETAIL,2026-09-30T20:38:21,45324,USD,POSTED
T018599,A0199,C039,M039,Synthetic merchant 039,RETAIL,2026-09-30T16:38:01,48064,COP,CANCELLED
T018619,A0019,C019,M019,Synthetic merchant 019,RETAIL,2026-09-30T12:37:41,50804,COP,POSTED
T018639,A0039,C039,M039,Synthetic merchant 039,RETAIL,2026-09-30T08:37:21,53544,USD,POSTED
T018659,A0059,C059,M019,Synthetic merchant 019,RETAIL,2026-09-30T04:37:01,56284,COP,POSTED
T018679,A0079,C079,M039,Synthetic merchant 039,RETAIL,2026-09-30T00:36:41,59024,COP,POSTED
T018699,A0099,C019,M019,Synthetic merchant 019,RETAIL,2026-09-30T20:36:21,61764,USD,POSTED
T018719,A0119,C039,M039,Synthetic merchant 039,RETAIL,2026-09-30T16:36:01,64504,COP,POSTED
T018739,A0139,C059,M019,Synthetic merchant 019,RETAIL,2026-09-30T12:35:41,67244,COP,CANCELLED
T018759,A0159,C079,M039,Synthetic merchant 039,RETAIL,2026-09-30T08:35:21,69984,USD,POSTED
T018779,A0179,C019,M019,Synthetic merchant 019,RETAIL,2026-09-30T04:35:01,72724,COP,POSTED
T018799,A0199,C039,M039,Synthetic merchant 039,RETAIL,2026-09-30T00:34:41,75464,COP,POSTED
T018819,A0019,C019,M019,Synthetic merchant 019,RETAIL,2026-09-30T20:34:21,-78204,USD,POSTED
T018839,A0039,C039,M039,Synthetic merchant 039,RETAIL,2026-09-30T16:34:01,80944,COP,POSTED
T018859,A0059,C059,M019,Synthetic merchant 019,RETAIL,2026-09-30T12:33:41,83684,COP,POSTED
T018879,A0079,C079,,,RETAIL,2026-09-30T08:33:21,86424,USD,CANCELLED
T018899,A0099,C019,M019,Synthetic merchant 019,RETAIL,2026-09-30T04:33:01,89164,COP,POSTED
T018919,A0119,C039,M039,Synthetic merchant 039,RETAIL,2026-09-30T00:32:41,91904,COP,POSTED
T018939,A0139,C059,M019,Synthetic merchant 019,RETAIL,2026-09-30T20:32:21,94644,USD,POSTED
T018959,A0159,C079,M039,Synthetic merchant 039,RETAIL,2026-09-30T16:32:01,97384,COP,POSTED
T018979,A0179,C019,M019,Synthetic merchant 019,RETAIL,2026-09-30T12:31:41,100124,COP,POSTED
T018999,A0199,C039,M039,Synthetic merchant 039,RETAIL,2026-09-30T08:31:21,102864,USD,POSTED
T019019,A0019,C019,M019,Synthetic merchant 019,RETAIL,2026-09-30T04:31:01,105604,COP,CANCELLED
T019039,A0039,C039,M039,Synthetic merchant 039,RETAIL,2026-09-30T00:30:41,108344,COP,POSTED
T019059,A0059,C059,M019,Synthetic merchant 019,RETAIL,2026-09-30T20:30:21,111084,USD,POSTED
T019079,A0079,C079,M039,Synthetic merchant 039,RETAIL,2026-09-30T16:30:01,113824,COP,POSTED
T019099,A0099,C019,M019,Synthetic merchant 019,RETAIL,2026-09-30T12:29:41,116564,COP,POSTED
T019119,A0119,C039,M039,Synthetic merchant 039,RETAIL,2026-09-30T08:29:21,119304,USD,POSTED
T019139,A0139,C059,M019,Synthetic merchant 019,RETAIL,2026-09-30T04:29:01,122044,COP,POSTED
T019159,A0159,C079,M039,Synthetic merchant 039,RETAIL,2026-09-30T00:28:41,-124784,COP,CANCELLED
T019179,A0179,C019,M019,Synthetic merchant 019,RETAIL,2026-09-30T20:28:21,127524,USD,POSTED
T019199,A0199,C039,M039,Synthetic merchant 039,RETAIL,2026-09-30T16:28:01,130264,COP,POSTED
T019219,A0019,C019,M019,Synthetic merchant 019,RETAIL,2026-09-30T12:27:41,133004,COP,POSTED
T019239,A0039,C039,M039,Synthetic merchant 039,RETAIL,2026-09-30T08:27:21,135744,USD,POSTED
T019259,A0059,C059,M019,Synthetic merchant 019,RETAIL,2026-09-30T04:27:01,138484,COP,POSTED
T019279,A0079,C079,M039,Synthetic merchant 039,RETAIL,2026-09-30T00:26:41,141224,COP,POSTED
T019299,A0099,C019,M019,Synthetic merchant 019,RETAIL,2026-09-30T20:26:21,143964,USD,CANCELLED
T019319,A0119,C039,M039,Synthetic merchant 039,RETAIL,2026-09-30T16:26:01,146704,COP,POSTED
T019339,A0139,C059,M019,Synthetic merchant 019,RETAIL,2026-09-30T12:25:41,149444,COP,POSTED
T019359,A0159,C079,M039,Synthetic merchant 039,RETAIL,2026-09-30T08:25:21,152184,USD,POSTED
T019379,A0179,C019,M019,Synthetic merchant 019,RETAIL,2026-09-30T04:25:01,154924,COP,POSTED
T019399,A0199,C039,M039,Synthetic merchant 039,RETAIL,2026-09-30T00:24:41,157664,COP,POSTED
T019419,A0019,C019,M019,Synthetic merchant 019,RETAIL,2026-09-30T20:24:21,160404,USD,POSTED
T019439,A0039,C039,M039,Synthetic merchant 039,RETAIL,2026-09-30T16:24:01,163144,COP,CANCELLED
T019459,A0059,C059,M019,Synthetic merchant 019,RETAIL,2026-09-30T12:23:41,165884,COP,POSTED
T019479,A0079,C079,M039,Synthetic merchant 039,RETAIL,2026-09-30T08:23:21,168624,USD,POSTED
T019499,A0099,C019,,,RETAIL,2026-09-30T04:23:01,-171364,COP,POSTED
T019519,A0119,C039,M039,Synthetic merchant 039,RETAIL,2026-09-30T00:22:41,174104,COP,POSTED
T019539,A0139,C059,M019,Synthetic merchant 019,RETAIL,2026-09-30T20:22:21,176844,USD,POSTED
T019559,A0159,C079,M039,Synthetic merchant 039,RETAIL,2026-09-30T16:22:01,179584,COP,POSTED
T019579,A0179,C019,M019,Synthetic merchant 019,RETAIL,2026-09-30T12:21:41,182324,COP,CANCELLED
T019599,A0199,C039,M039,Synthetic merchant 039,RETAIL,2026-09-30T08:21:21,185064,USD,POSTED
T019619,A0019,C019,M019,Synthetic merchant 019,RETAIL,2026-09-30T04:21:01,187804,COP,POSTED
T019639,A0039,C039,M039,Synthetic merchant 039,RETAIL,2026-09-30T00:20:41,190544,COP,POSTED
T019659,A0059,C059,M019,Synthetic merchant 019,RETAIL,2026-09-30T20:20:21,193284,USD,POSTED
T019679,A0079,C079,M039,Synthetic merchant 039,RETAIL,2026-09-30T16:20:01,196024,COP,POSTED
T019699,A0099,C019,M019,Synthetic merchant 019,RETAIL,2026-09-30T12:19:41,198764,COP,POSTED
T019719,A0119,C039,M039,Synthetic merchant 039,RETAIL,2026-09-30T08:19:21,201504,USD,CANCELLED
T019739,A0139,C059,M019,Synthetic merchant 019,RETAIL,2026-09-30T04:19:01,204244,COP,POSTED
T019759,A0159,C079,M039,Synthetic merchant 039,RETAIL,2026-09-30T00:18:41,206984,COP,POSTED
T019779,A0179,C019,M019,Synthetic merchant 019,RETAIL,2026-09-30T20:18:21,209724,USD,POSTED
T019799,A0199,C039,M039,Synthetic merchant 039,RETAIL,2026-09-30T16:18:01,212464,COP,POSTED
T019819,A0019,C019,M019,Synthetic merchant 019,RETAIL,2026-09-30T12:17:41,215204,COP,POSTED
T019839,A0039,C039,M039,Synthetic merchant 039,RETAIL,2026-09-30T08:17:21,-217944,USD,POSTED
T019859,A0059,C059,M019,Synthetic merchant 019,RETAIL,2026-09-30T04:17:01,220684,COP,CANCELLED
T019879,A0079,C079,M039,Synthetic merchant 039,RETAIL,2026-09-30T00:16:41,223424,COP,POSTED
T019899,A0099,C019,M019,Synthetic merchant 019,RETAIL,2026-09-30T20:16:21,226164,USD,POSTED
T019919,A0119,C039,M039,Synthetic merchant 039,RETAIL,2026-09-30T16:16:01,228904,COP,POSTED
T019939,A0139,C059,M019,Synthetic merchant 019,RETAIL,2026-09-30T12:15:41,231644,COP,POSTED
T019959,A0159,C079,M039,Synthetic merchant 039,RETAIL,2026-09-30T08:15:21,234384,USD,POSTED
T019979,A0179,C019,M019,Synthetic merchant 019,RETAIL,2026-09-30T04:15:01,237124,COP,POSTED
T019999,A0199,C039,M039,Synthetic merchant 039,RETAIL,2026-09-30T00:14:41,239864,COP,CANCELLED
