account_id,customer_id
A0000,C000
A0001,C001
A0002,C002
A0003,C003
A0004,C004
A0005,C005
A0006,C006
A0007,C007
A0008,C008
A0009,C009
A0010,C010
A0011,C011
A0012,C012
A0013,C013
A0014,C014
A0015,C015
A0016,C016
A0017,C017
A0018,C018
A0019,C019
A0020,C020
A0021,C021
A0022,C022
A0023,C023
A0024,C024
A0025,C025
A0026,C026
A0027,C027
A0028,C028
A0029,C029
A0030,C030
A0031,C031
A0032,C032
A0033,C033
A0034,C034
A0035,C035
A0036,C036
A0037,C037
A0038,C038
A0039,C039
A0040,C040
A0041,C041
A0042,C042
A0043,C043
A0044,C044
A0045,C045
A0046,C046
A0047,C047
A0048,C048
A0049,C049
A0050,C050
A0051,C051
A0052,C052
A0053,C053
A0054,C054
A0055,C055
A0056,C056
A0057,C057
A0058,C058
A0059,C059
A0060,C060
A0061,C061
A0062,C062
A0063,C063
A0064,C064
A0065,C065
A0066,C066
A0067,C067
A0068,C068
A0069,C069
A0070,C070
A0071,C071
A0072,C072
A0073,C073
A0074,C074
A0075,C075
A0076,C076
A0077,C077
A0078,C078
A0079,C079
A0080,C000
A0081,C001
A0082,C002
A0083,C003
A0084,C004
A0085,C005
A0086,C006
A0087,C007
A0088,C008
A0089,C009
A0090,C010
A0091,C011
A0092,C012
A0093,C013
A0094,C014
A0095,C015
A0096,C016
A0097,C017
A0098,C018
A0099,C019
A0100,C020
A0101,C021
A0102,C022
A0103,C023
A0104,C024
A0105,C025
A0106,C026
A0107,C027
A0108,C028
A0109,C029
A0110,C030
A0111,C031
A0112,C032
A0113,C033
A0114,C034
A0115,C035
A0116,C036
A0117,C037
A0118,C038
A0119,C039
A0120,C040
A0121,C041
A0122,C042
A0123,C043
A0124,C044
A0125,C045
A0126,C046
A0127,C047
A0128,C048
A0129,C049
A0130,C050
A0131,C051
A0132,C052
A0133,C053
A0134,C054
A0135,C055
A0136,C056
A0137,C057
A0138,C058
A0139,C059
A0140,C060
A0141,C061
A0142,C062
A0143,C063
A0144,C064
A0145,C065
A0146,C066
A0147,C067
A0148,C068
A0149,C069
A0150,C070
A0151,C071
A0152,C072
A0153,C073
A0154,C074
A0155,C075
A0156,C076
A0157,C077
A0158,C078
A0159,C079
A0160,C000
A0161,C001
A0162,C002
A0163,C003
A0164,C004
A0165,C005
A0166,C006
A0167,C007
A0168,C008
A0169,C009
A0170,C010
A0171,C011
A0172,C012
A0173,C013
A0174,C014
A0175,C015
A0176,C016
A0177,C017
A0178,C018
A0179,C019
A0180,C020
A0181,C021
A0182,C022
A0183,C023
A0184,C024
A0185,C025
A0186,C026
A0187,C027
A0188,C028
A0189,C029
A0190,C030
A0191,C031
A0192,C032
A0193,C033
A0194,C034
A0195,C035
A0196,C036
A0197,C037
A0198,C038
A0199,C039
