customer_id,segment,updated_at,source_row
C000,RETAIL,2026-09-01T00:00:00,0
C001,RETAIL,2026-09-01T00:00:00,1
C002,RETAIL,2026-09-01T00:00:00,2
C003,RETAIL,2026-09-01T00:00:00,3
C004,RETAIL,2026-09-01T00:00:00,4
C005,RETAIL,2026-09-01T00:00:00,5
C006,RETAIL,2026-09-01T00:00:00,6
C007,RETAIL,2026-09-01T00:00:00,7
C008,RETAIL,2026-09-01T00:00:00,8
C009,RETAIL,2026-09-01T00:00:00,9
C010,RETAIL,2026-09-01T00:00:00,10
C011,RETAIL,2026-09-01T00:00:00,11
C012,RETAIL,2026-09-01T00:00:00,12
C013,RETAIL,2026-09-01T00:00:00,13
C014,RETAIL,2026-09-01T00:00:00,14
C015,RETAIL,2026-09-01T00:00:00,15
C016,RETAIL,2026-09-01T00:00:00,16
C017,RETAIL,2026-09-01T00:00:00,17
C018,RETAIL,2026-09-01T00:00:00,18
C019,RETAIL,2026-09-01T00:00:00,19
C020,RETAIL,2026-09-01T00:00:00,20
C021,RETAIL,2026-09-01T00:00:00,21
C022,RETAIL,2026-09-01T00:00:00,22
C023,RETAIL,2026-09-01T00:00:00,23
C024,RETAIL,2026-09-01T00:00:00,24
C025,RETAIL,2026-09-01T00:00:00,25
C026,RETAIL,2026-09-01T00:00:00,26
C027,RETAIL,2026-09-01T00:00:00,27
C028,RETAIL,2026-09-01T00:00:00,28
C029,RETAIL,2026-09-01T00:00:00,29
C030,RETAIL,2026-09-01T00:00:00,30
C031,RETAIL,2026-09-01T00:00:00,31
C032,RETAIL,2026-09-01T00:00:00,32
C033,RETAIL,2026-09-01T00:00:00,33
C034,RETAIL,2026-09-01T00:00:00,34
C035,RETAIL,2026-09-01T00:00:00,35
C036,RETAIL,2026-09-01T00:00:00,36
C037,RETAIL,2026-09-01T00:00:00,37
C038,RETAIL,2026-09-01T00:00:00,38
C039,RETAIL,2026-09-01T00:00:00,39
C040,RETAIL,2026-09-01T00:00:00,40
C041,RETAIL,2026-09-01T00:00:00,41
C042,RETAIL,2026-09-01T00:00:00,42
C043,RETAIL,2026-09-01T00:00:00,43
C044,RETAIL,2026-09-01T00:00:00,44
C045,RETAIL,2026-09-01T00:00:00,45
C046,RETAIL,2026-09-01T00:00:00,46
C047,RETAIL,2026-09-01T00:00:00,47
C048,RETAIL,2026-09-01T00:00:00,48
C049,RETAIL,2026-09-01T00:00:00,49
C050,RETAIL,2026-09-01T00:00:00,50
C051,RETAIL,2026-09-01T00:00:00,51
C052,RETAIL,2026-09-01T00:00:00,52
C053,RETAIL,2026-09-01T00:00:00,53
C054,RETAIL,2026-09-01T00:00:00,54
C055,RETAIL,2026-09-01T00:00:00,55
C056,RETAIL,2026-09-01T00:00:00,56
C057,RETAIL,2026-09-01T00:00:00,57
C058,RETAIL,2026-09-01T00:00:00,58
C059,RETAIL,2026-09-01T00:00:00,59
C060,RETAIL,2026-09-01T00:00:00,60
C061,RETAIL,2026-09-01T00:00:00,61
C062,RETAIL,2026-09-01T00:00:00,62
C063,RETAIL,2026-09-01T00:00:00,63
C064,RETAIL,2026-09-01T00:00:00,64
C065,RETAIL,2026-09-01T00:00:00,65
C066,RETAIL,2026-09-01T00:00:00,66
C067,RETAIL,2026-09-01T00:00:00,67
C068,RETAIL,2026-09-01T00:00:00,68
C069,RETAIL,2026-09-01T00:00:00,69
C070,RETAIL,2026-09-01T00:00:00,70
C071,RETAIL,2026-09-01T00:00:00,71
C072,RETAIL,2026-09-01T00:00:00,72
C073,RETAIL,2026-09-01T00:00:00,73
C074,RETAIL,2026-09-01T00:00:00,74
C075,RETAIL,2026-09-01T00:00:00,75
C076,RETAIL,2026-09-01T00:00:00,76
C077,RETAIL,2026-09-01T00:00:00,77
C078,RETAIL,2026-09-01T00:00:00,78
C079,RETAIL,2026-09-01T00:00:00,79
C001,PREMIUM,2026-09-29T00:00:00,80
