merchant_id,merchant_name,updated_at,source_row
M000,Synthetic merchant 000,2026-09-01T00:00:00,0
M001,Synthetic merchant 001,2026-09-01T00:00:00,1
M002,Synthetic merchant 002,2026-09-01T00:00:00,2
M003,Synthetic merchant 003,2026-09-01T00:00:00,3
M004,Synthetic merchant 004,2026-09-01T00:00:00,4
M005,Synthetic merchant 005,2026-09-01T00:00:00,5
M006,Synthetic merchant 006,2026-09-01T00:00:00,6
M007,Synthetic merchant 007,2026-09-01T00:00:00,7
M008,Synthetic merchant 008,2026-09-01T00:00:00,8
M009,Synthetic merchant 009,2026-09-01T00:00:00,9
M010,Synthetic merchant 010,2026-09-01T00:00:00,10
M011,Synthetic merchant 011,2026-09-01T00:00:00,11
M012,Synthetic merchant 012,2026-09-01T00:00:00,12
M013,Synthetic merchant 013,2026-09-01T00:00:00,13
M014,Synthetic merchant 014,2026-09-01T00:00:00,14
M015,Synthetic merchant 015,2026-09-01T00:00:00,15
M016,Synthetic merchant 016,2026-09-01T00:00:00,16
M017,Synthetic merchant 017,2026-09-01T00:00:00,17
M018,Synthetic merchant 018,2026-09-01T00:00:00,18
M019,Synthetic merchant 019,2026-09-01T00:00:00,19
M020,Synthetic merchant 020,2026-09-01T00:00:00,20
M021,Synthetic merchant 021,2026-09-01T00:00:00,21
M022,Synthetic merchant 022,2026-09-01T00:00:00,22
M023,Synthetic merchant 023,2026-09-01T00:00:00,23
M024,Synthetic merchant 024,2026-09-01T00:00:00,24
M025,Synthetic merchant 025,2026-09-01T00:00:00,25
M026,Synthetic merchant 026,2026-09-01T00:00:00,26
M027,Synthetic merchant 027,2026-09-01T00:00:00,27
M028,Synthetic merchant 028,2026-09-01T00:00:00,28
M029,Synthetic merchant 029,2026-09-01T00:00:00,29
M030,Synthetic merchant 030,2026-09-01T00:00:00,30
M031,Synthetic merchant 031,2026-09-01T00:00:00,31
M032,Synthetic merchant 032,2026-09-01T00:00:00,32
M033,Synthetic merchant 033,2026-09-01T00:00:00,33
M034,Synthetic merchant 034,2026-09-01T00:00:00,34
M035,Synthetic merchant 035,2026-09-01T00:00:00,35
M036,Synthetic merchant 036,2026-09-01T00:00:00,36
M037,Synthetic merchant 037,2026-09-01T00:00:00,37
M038,Synthetic merchant 038,2026-09-01T00:00:00,38
M039,Synthetic merchant 039,2026-09-01T00:00:00,39
M001,Synthetic merchant 001 renamed,2026-09-29T00:00:00,40
